age,workclass,fnlwgt,education,education-num,marital-status,occupation,relationship,race,sex,capital-gain,capital-loss,hours-per-week,native-country,actual,probability,prediction,error_type
29,Private,200928,HS-grad,9,Married-civ-spouse,Exec-managerial,Husband,White,Male,0,0,40,United-States,1,0.25085065,0,False Negative
52,Local-gov,178983,HS-grad,9,Married-civ-spouse,Prof-specialty,Husband,White,Male,0,0,40,United-States,0,0.4084283,1,False Positive
39,Private,177140,HS-grad,9,Separated,Adm-clerical,Not-in-family,White,Male,0,0,40,United-States,1,0.04538713,0,False Negative
63,Self-emp-not-inc,168048,Prof-school,15,Married-civ-spouse,Prof-specialty,Husband,White,Male,0,0,30,United-States,0,0.7009148,1,False Positive
39,Local-gov,30269,Bachelors,13,Never-married,Prof-specialty,Not-in-family,White,Female,0,0,44,United-States,1,0.09192932,0,False Negative
52,Private,53497,Assoc-voc,11,Married-civ-spouse,Craft-repair,Husband,White,Male,0,0,40,United-States,0,0.44606996,1,False Positive
49,Self-emp-not-inc,241688,HS-grad,9,Married-civ-spouse,Prof-specialty,Husband,White,Male,0,0,60,Cuba,0,0.39796096,1,False Positive
52,,188431,HS-grad,9,Married-civ-spouse,,Husband,White,Male,0,0,45,United-States,0,0.4838612,1,False Positive
27,Self-emp-not-inc,66473,Bachelors,13,Married-civ-spouse,Exec-managerial,Husband,White,Male,0,0,50,United-States,0,0.46334544,1,False Positive
50,Self-emp-inc,152810,Some-college,10,Married-civ-spouse,Machine-op-inspct,Husband,White,Male,0,0,70,Germany,0,0.48397544,1,False Positive
32,Self-emp-not-inc,62165,Bachelors,13,Married-civ-spouse,Exec-managerial,Husband,Black,Male,0,0,40,,0,0.48994392,1,False Positive
62,,178764,HS-grad,9,Married-civ-spouse,,Husband,White,Male,0,0,40,United-States,1,0.30379662,0,False Negative
57,Private,204209,7th-8th,4,Married-civ-spouse,Craft-repair,Husband,White,Male,3103,0,40,United-States,1,0.32741705,0,False Negative
54,Private,329733,HS-grad,9,Never-married,Exec-managerial,Unmarried,White,Male,0,0,40,United-States,1,0.064183384,0,False Negative
59,,409842,Masters,14,Married-civ-spouse,,Husband,White,Male,0,0,20,United-States,0,0.5441549,1,False Positive
37,Private,261241,Some-college,10,Married-civ-spouse,Tech-support,Husband,White,Male,0,1485,50,United-States,0,0.6276444,1,False Positive
36,Private,254493,Some-college,10,Married-civ-spouse,Sales,Husband,White,Male,0,0,44,United-States,0,0.4309659,1,False Positive
35,Private,357173,Some-college,10,Married-civ-spouse,Transport-moving,Husband,White,Male,0,0,50,United-States,0,0.48242587,1,False Positive
39,Local-gov,170263,Masters,14,Divorced,Prof-specialty,Unmarried,White,Female,0,0,30,United-States,1,0.040174413,0,False Negative
31,Private,183000,Prof-school,15,Never-married,Tech-support,Not-in-family,White,Male,0,0,55,United-States,0,0.36491647,1,False Positive
61,Private,101500,Assoc-voc,11,Married-civ-spouse,Adm-clerical,Husband,White,Male,0,0,40,United-States,0,0.39148486,1,False Positive
44,Self-emp-not-inc,155930,Bachelors,13,Married-civ-spouse,Exec-managerial,Husband,White,Male,0,0,60,United-States,0,0.41651338,1,False Positive
59,Self-emp-not-inc,73411,Prof-school,15,Married-civ-spouse,Farming-fishing,Husband,White,Male,0,0,30,United-States,0,0.42445192,1,False Positive
47,Private,341814,Bachelors,13,Married-civ-spouse,Prof-specialty,Wife,White,Female,0,0,45,United-States,0,0.80270565,1,False Positive
33,State-gov,79580,Bachelors,13,Married-civ-spouse,Adm-clerical,Husband,Black,Male,0,0,40,United-States,0,0.42582795,1,False Positive
26,Self-emp-not-inc,331861,Bachelors,13,Never-married,Sales,Not-in-family,White,Male,0,0,60,United-States,1,0.11111747,0,False Negative
40,Private,142657,Assoc-voc,11,Married-civ-spouse,Craft-repair,Husband,Black,Male,0,0,45,United-States,0,0.51497006,1,False Positive
31,Private,164461,HS-grad,9,Married-civ-spouse,Transport-moving,Husband,White,Male,0,0,73,United-States,0,0.4073567,1,False Positive
38,Private,156728,Bachelors,13,Married-civ-spouse,Adm-clerical,Husband,White,Male,0,0,56,United-States,0,0.6708881,1,False Positive
34,Self-emp-not-inc,87209,Masters,14,Married-civ-spouse,Farming-fishing,Husband,White,Male,0,0,60,United-States,0,0.35526484,1,False Positive
32,Private,50178,HS-grad,9,Married-civ-spouse,Machine-op-inspct,Husband,White,Male,0,0,40,United-States,1,0.14458425,0,False Negative
50,Local-gov,270221,Some-college,10,Divorced,Adm-clerical,Own-child,White,Male,0,0,43,United-States,1,0.07291639,0,False Negative
60,Private,188650,5th-6th,3,Married-civ-spouse,Sales,Husband,White,Male,0,0,40,,1,0.10923989,0,False Negative
27,Private,185647,HS-grad,9,Married-civ-spouse,Machine-op-inspct,Husband,White,Male,0,0,50,United-States,1,0.08302165,0,False Negative
47,Private,198200,Bachelors,13,Never-married,Exec-managerial,Not-in-family,White,Male,0,0,50,United-States,0,0.55356073,1,False Positive
31,Private,298871,Doctorate,16,Married-civ-spouse,Prof-specialty,Husband,Asian-Pac-Islander,Male,0,0,40,China,0,0.6311486,1,False Positive
53,Private,98561,HS-grad,9,Widowed,Tech-support,Not-in-family,White,Male,0,0,39,United-States,1,0.11773371,0,False Negative
62,Private,72886,Bachelors,13,Married-civ-spouse,Exec-managerial,Husband,White,Male,0,0,40,United-States,0,0.6493026,1,False Positive
32,Self-emp-inc,195447,Bachelors,13,Married-civ-spouse,Sales,Husband,White,Male,0,0,45,United-States,0,0.69161534,1,False Positive
39,Private,214816,Bachelors,13,Married-civ-spouse,Exec-managerial,Husband,White,Male,0,0,60,United-States,0,0.78274155,1,False Positive
46,Private,124733,Some-college,10,Married-civ-spouse,Craft-repair,Husband,Asian-Pac-Islander,Male,0,0,40,Vietnam,0,0.45037273,1,False Positive
66,,299616,Some-college,10,Married-civ-spouse,,Husband,White,Male,0,0,40,United-States,0,0.35834816,1,False Positive
57,Private,127779,HS-grad,9,Married-civ-spouse,Exec-managerial,Husband,White,Male,0,0,40,United-States,0,0.5182712,1,False Positive
88,Self-emp-not-inc,187097,Prof-school,15,Married-civ-spouse,Exec-managerial,Husband,White,Male,0,0,40,United-States,0,0.42226234,1,False Positive
51,Self-emp-not-inc,222883,Bachelors,13,Married-civ-spouse,Sales,Husband,Black,Male,0,0,55,United-States,0,0.5888806,1,False Positive
36,Private,461337,Some-college,10,Married-civ-spouse,Adm-clerical,Wife,White,Female,0,0,40,United-States,0,0.589769,1,False Positive
40,Private,210013,HS-grad,9,Married-civ-spouse,Transport-moving,Husband,White,Male,0,0,50,United-States,0,0.3877418,1,False Positive
50,Private,400004,Some-college,10,Married-civ-spouse,Sales,Husband,White,Male,0,0,60,United-States,0,0.7510366,1,False Positive
53,Private,340723,Prof-school,15,Never-married,Prof-specialty,Not-in-family,White,Female,0,0,40,United-States,0,0.38320342,1,False Positive
47,Private,185465,HS-grad,9,Married-civ-spouse,Craft-repair,Husband,Black,Male,0,0,40,United-States,0,0.37807733,1,False Positive
41,Private,40151,HS-grad,9,Married-civ-spouse,Craft-repair,Husband,White,Male,0,0,40,United-States,1,0.28303126,0,False Negative
42,Private,449925,Bachelors,13,Never-married,Sales,Not-in-family,White,Male,0,0,40,United-States,1,0.22379108,0,False Negative
27,,204773,Assoc-acdm,12,Married-civ-spouse,,Wife,White,Female,0,0,40,United-States,0,0.45406777,1,False Positive
30,Private,186932,Bachelors,13,Married-civ-spouse,Exec-managerial,Husband,White,Male,0,0,70,United-States,0,0.6939847,1,False Positive
41,Private,174196,Some-college,10,Married-civ-spouse,Adm-clerical,Wife,Black,Female,0,0,40,United-States,0,0.4438445,1,False Positive
38,Private,276552,Some-college,10,Married-civ-spouse,Prof-specialty,Husband,White,Male,0,0,50,United-States,0,0.5324706,1,False Positive
33,Private,250804,Bachelors,13,Married-civ-spouse,Exec-managerial,Husband,White,Male,0,0,50,England,0,0.74136883,1,False Positive
39,Private,25803,Some-college,10,Married-civ-spouse,Sales,Husband,White,Male,0,0,55,United-States,0,0.5647793,1,False Positive
33,Private,301251,HS-grad,9,Married-civ-spouse,Craft-repair,Husband,White,Male,0,0,60,United-States,1,0.3191172,0,False Negative
39,Private,176186,Some-college,10,Married-civ-spouse,Machine-op-inspct,Husband,White,Male,0,0,40,United-States,1,0.33846006,0,False Negative
31,Self-emp-not-inc,119411,Bachelors,13,Divorced,Exec-managerial,Unmarried,White,Male,0,0,60,United-States,1,0.28719553,0,False Negative
44,Local-gov,354230,Some-college,10,Married-civ-spouse,Craft-repair,Husband,White,Male,0,0,40,United-States,0,0.528879,1,False Positive
41,Private,255044,Bachelors,13,Divorced,Exec-managerial,Not-in-family,White,Female,0,0,55,United-States,0,0.4825715,1,False Positive
46,Private,185291,11th,7,Married-civ-spouse,Handlers-cleaners,Husband,White,Male,0,0,45,United-States,1,0.127332,0,False Negative
30,,159303,Bachelors,13,Married-civ-spouse,,Wife,White,Female,0,0,4,United-States,0,0.5835503,1,False Positive
43,Private,195897,HS-grad,9,Married-civ-spouse,Craft-repair,Husband,White,Male,0,0,40,United-States,1,0.3290269,0,False Negative
66,Private,171331,Some-college,10,Married-civ-spouse,Transport-moving,Husband,Black,Male,0,0,40,United-States,1,0.28374678,0,False Negative
58,Private,322013,HS-grad,9,Married-civ-spouse,Craft-repair,Husband,White,Male,0,0,40,United-States,0,0.38833702,1,False Positive
49,Private,195727,Bachelors,13,Married-civ-spouse,Exec-managerial,Husband,White,Male,0,0,40,United-States,0,0.7606836,1,False Positive
48,Private,119565,HS-grad,9,Married-civ-spouse,Craft-repair,Husband,White,Male,0,0,40,United-States,0,0.4002892,1,False Positive
37,Private,118486,Bachelors,13,Separated,Prof-specialty,Unmarried,White,Female,4934,0,32,United-States,1,0.18704301,0,False Negative
45,Private,738812,HS-grad,9,Married-civ-spouse,Craft-repair,Husband,White,Male,0,0,46,United-States,0,0.49415407,1,False Positive
53,Private,152373,Some-college,10,Divorced,Craft-repair,Not-in-family,White,Male,0,0,48,United-States,1,0.22941607,0,False Negative
42,Private,112607,HS-grad,9,Married-civ-spouse,Craft-repair,Husband,White,Male,0,0,50,United-States,0,0.38164106,1,False Positive
41,Local-gov,183009,HS-grad,9,Married-civ-spouse,Transport-moving,Husband,Black,Male,0,0,40,United-States,1,0.21128607,0,False Negative
43,Private,197397,Some-college,10,Married-civ-spouse,Prof-specialty,Wife,Other,Female,0,0,6,Puerto-Rico,0,0.38361537,1,False Positive
45,Private,132847,Bachelors,13,Never-married,Sales,Not-in-family,White,Female,0,0,50,United-States,0,0.36498436,1,False Positive
44,Private,182383,Some-college,10,Married-civ-spouse,Adm-clerical,Wife,White,Female,0,0,35,United-States,0,0.5397772,1,False Positive
52,Private,29658,HS-grad,9,Married-civ-spouse,Adm-clerical,Husband,White,Male,0,0,40,United-States,0,0.39715898,1,False Positive
54,Local-gov,238257,Bachelors,13,Never-married,Prof-specialty,Not-in-family,White,Male,0,0,50,United-States,0,0.41164908,1,False Positive
54,Private,68684,HS-grad,9,Married-civ-spouse,Craft-repair,Husband,White,Male,0,0,44,United-States,0,0.3998647,1,False Positive
54,Private,548361,Some-college,10,Married-civ-spouse,Sales,Husband,White,Male,0,0,98,United-States,0,0.7243165,1,False Positive
34,Private,85632,Some-college,10,Married-civ-spouse,Adm-clerical,Wife,White,Female,0,0,40,United-States,1,0.33914948,0,False Negative
53,Private,176185,HS-grad,9,Married-civ-spouse,Craft-repair,Husband,White,Male,0,0,40,United-States,0,0.39415267,1,False Positive
50,Private,146429,HS-grad,9,Married-civ-spouse,Craft-repair,Husband,White,Male,0,0,40,United-States,0,0.40358555,1,False Positive
53,Local-gov,233734,Masters,14,Divorced,Prof-specialty,Not-in-family,Black,Female,0,0,40,United-States,1,0.18849987,0,False Negative
51,Self-emp-not-inc,388496,Some-college,10,Divorced,Craft-repair,Not-in-family,White,Male,0,0,8,Puerto-Rico,1,0.08298119,0,False Negative
49,Self-emp-not-inc,48495,HS-grad,9,Married-civ-spouse,Exec-managerial,Husband,White,Male,0,0,45,United-States,0,0.37922806,1,False Positive
35,Private,261382,Bachelors,13,Married-civ-spouse,Sales,Husband,White,Male,0,0,50,United-States,0,0.6741657,1,False Positive
42,Private,45363,Assoc-acdm,12,Married-civ-spouse,Prof-specialty,Husband,White,Male,0,0,50,United-States,0,0.5084448,1,False Positive
36,Private,218729,Some-college,10,Married-civ-spouse,Adm-clerical,Own-child,White,Female,0,0,30,United-States,1,0.07491919,0,False Negative
36,Self-emp-not-inc,180686,Prof-school,15,Married-civ-spouse,Prof-specialty,Husband,White,Male,0,0,50,United-States,0,0.87269944,1,False Positive
42,Private,377322,Assoc-voc,11,Married-civ-spouse,Machine-op-inspct,Husband,Black,Male,0,0,40,United-States,0,0.3583775,1,False Positive
37,Private,123104,Doctorate,16,Married-civ-spouse,Prof-specialty,Husband,White,Male,0,0,40,United-States,0,0.82989806,1,False Positive
37,Private,216924,HS-grad,9,Married-civ-spouse,Handlers-cleaners,Husband,White,Male,0,0,44,United-States,1,0.21746987,0,False Negative
29,Private,190539,Masters,14,Never-married,Prof-specialty,Not-in-family,White,Male,0,0,55,Greece,1,0.17977619,0,False Negative
43,Self-emp-not-inc,241055,Masters,14,Married-civ-spouse,Sales,Husband,White,Male,0,0,45,United-States,0,0.6162152,1,False Positive
43,Federal-gov,262233,Bachelors,13,Divorced,Exec-managerial,Not-in-family,White,Male,0,0,40,United-States,1,0.23602979,0,False Negative
33,Private,234067,HS-grad,9,Married-civ-spouse,Machine-op-inspct,Husband,White,Male,0,0,40,United-States,1,0.21255638,0,False Negative
59,Self-emp-not-inc,188003,Bachelors,13,Widowed,Prof-specialty,Not-in-family,White,Female,0,0,50,United-States,1,0.22312085,0,False Negative
44,Self-emp-not-inc,255543,5th-6th,3,Married-civ-spouse,Farming-fishing,Husband,White,Male,0,0,84,United-States,1,0.06868583,0,False Negative
74,,169303,HS-grad,9,Married-civ-spouse,,Husband,White,Male,6767,0,6,United-States,0,0.51116866,1,False Positive
52,Private,180881,Bachelors,13,Married-civ-spouse,Exec-managerial,Husband,White,Male,0,0,40,United-States,0,0.7686869,1,False Positive
32,Private,128002,Assoc-voc,11,Married-civ-spouse,Adm-clerical,Wife,White,Female,0,0,45,United-States,0,0.46166533,1,False Positive
48,Self-emp-inc,184787,7th-8th,4,Married-civ-spouse,Craft-repair,Husband,White,Male,0,0,50,United-States,1,0.19110686,0,False Negative
42,Private,147251,Some-college,10,Married-civ-spouse,Prof-specialty,Wife,White,Female,0,0,36,United-States,0,0.57798076,1,False Positive
47,Private,167159,HS-grad,9,Married-civ-spouse,Handlers-cleaners,Husband,White,Male,0,0,40,United-States,1,0.33565763,0,False Negative
45,,51164,Some-college,10,Married-civ-spouse,,Wife,Black,Female,0,0,40,United-States,0,0.4927322,1,False Positive
54,Private,167552,1st-4th,2,Married-civ-spouse,Craft-repair,Husband,Black,Male,0,0,40,Haiti,1,0.050503023,0,False Negative
28,Private,115438,HS-grad,9,Married-civ-spouse,Machine-op-inspct,Husband,White,Male,0,0,50,United-States,1,0.13616315,0,False Negative
58,Local-gov,98361,HS-grad,9,Married-civ-spouse,Exec-managerial,Husband,White,Male,0,0,50,United-States,0,0.4598044,1,False Positive
42,Private,176716,Masters,14,Never-married,Exec-managerial,Not-in-family,White,Male,0,0,40,United-States,1,0.26705715,0,False Negative
36,Private,99146,HS-grad,9,Married-civ-spouse,Machine-op-inspct,Husband,White,Male,0,0,45,United-States,1,0.26436508,0,False Negative
62,Private,584259,HS-grad,9,Married-civ-spouse,Sales,Husband,White,Male,0,0,44,United-States,0,0.4091382,1,False Positive
39,Private,137522,HS-grad,9,Married-civ-spouse,Machine-op-inspct,Husband,Asian-Pac-Islander,Male,0,0,40,,1,0.2828161,0,False Negative
41,Private,159549,Bachelors,13,Married-civ-spouse,Sales,Husband,White,Male,0,0,40,United-States,0,0.6951051,1,False Positive
46,Private,84790,HS-grad,9,Married-civ-spouse,Machine-op-inspct,Husband,White,Male,0,0,40,United-States,1,0.28683415,0,False Negative
32,Local-gov,222900,Bachelors,13,Separated,Prof-specialty,Not-in-family,White,Female,0,0,50,United-States,1,0.23241854,0,False Negative
52,Private,163678,HS-grad,9,Married-civ-spouse,Transport-moving,Husband,White,Male,0,0,55,United-States,0,0.5119894,1,False Positive
35,Private,150057,HS-grad,9,Married-civ-spouse,Machine-op-inspct,Husband,White,Male,4386,0,48,United-States,0,0.62810427,1,False Positive
30,Private,169496,Masters,14,Married-civ-spouse,Other-service,Husband,White,Male,0,0,15,United-States,1,0.084752984,0,False Negative
58,Private,372181,HS-grad,9,Divorced,Sales,Unmarried,White,Female,0,0,40,United-States,1,0.029259836,0,False Negative
67,Private,95113,HS-grad,9,Married-civ-spouse,Exec-managerial,Husband,White,Male,0,0,37,United-States,1,0.34734327,0,False Negative
28,Private,65078,HS-grad,9,Married-civ-spouse,Craft-repair,Husband,White,Male,0,0,40,United-States,1,0.118159205,0,False Negative
44,Private,204314,HS-grad,9,Married-civ-spouse,Other-service,Wife,Black,Female,0,0,38,United-States,1,0.12743367,0,False Negative
48,Private,187715,HS-grad,9,Married-civ-spouse,Craft-repair,Husband,White,Male,0,0,46,United-States,0,0.4608069,1,False Positive
32,Private,340940,Bachelors,13,Married-civ-spouse,Exec-managerial,Husband,White,Male,0,0,40,United-States,0,0.70556194,1,False Positive
30,Private,217460,Bachelors,13,Married-civ-spouse,Prof-specialty,Husband,White,Male,0,0,40,United-States,0,0.6342841,1,False Positive
55,,106707,Assoc-acdm,12,Married-civ-spouse,,Husband,Black,Male,0,0,20,United-States,1,0.23232405,0,False Negative
50,Private,163671,HS-grad,9,Married-civ-spouse,Craft-repair,Husband,White,Male,0,0,40,United-States,0,0.39695024,1,False Positive
47,Private,148884,HS-grad,9,Married-civ-spouse,Transport-moving,Husband,White,Male,0,0,60,United-States,0,0.51392686,1,False Positive
29,Private,108253,Bachelors,13,Married-civ-spouse,Prof-specialty,Wife,Other,Female,0,0,40,United-States,0,0.58657885,1,False Positive
29,Local-gov,94064,Masters,14,Married-civ-spouse,Prof-specialty,Husband,White,Male,0,0,50,United-States,0,0.46937147,1,False Positive
53,Private,274528,Bachelors,13,Divorced,Exec-managerial,Not-in-family,White,Male,0,0,70,United-States,0,0.5566093,1,False Positive
43,Private,164693,Assoc-voc,11,Married-civ-spouse,Craft-repair,Husband,White,Male,0,0,50,United-States,0,0.5225445,1,False Positive
66,,107744,Some-college,10,Married-civ-spouse,,Husband,White,Male,0,0,40,United-States,0,0.39121795,1,False Positive
39,Federal-gov,110622,Bachelors,13,Married-civ-spouse,Adm-clerical,Wife,Asian-Pac-Islander,Female,0,0,40,Philippines,0,0.7269179,1,False Positive
41,Private,319271,Some-college,10,Married-civ-spouse,Sales,Husband,White,Male,0,0,50,United-States,0,0.5890045,1,False Positive
41,Local-gov,291831,Masters,14,Married-civ-spouse,Prof-specialty,Husband,White,Male,0,0,35,United-States,0,0.66241145,1,False Positive
44,Private,33155,Doctorate,16,Never-married,Prof-specialty,Not-in-family,White,Male,0,0,45,United-States,0,0.57181114,1,False Positive
60,Private,245062,HS-grad,9,Married-civ-spouse,Craft-repair,Husband,White,Male,0,0,40,United-States,1,0.296249,0,False Negative
53,Private,96062,Bachelors,13,Married-civ-spouse,Exec-managerial,Husband,White,Male,0,0,40,Greece,0,0.76210344,1,False Positive
35,Private,203628,Masters,14,Never-married,Prof-specialty,Not-in-family,White,Male,0,0,60,United-States,1,0.29809397,0,False Negative
49,Private,144514,HS-grad,9,Married-civ-spouse,Adm-clerical,Husband,White,Male,0,0,40,United-States,0,0.42782727,1,False Positive
47,Private,120131,HS-grad,9,Married-civ-spouse,Exec-managerial,Husband,White,Male,0,0,40,United-States,0,0.54822826,1,False Positive
33,Private,122749,Assoc-voc,11,Married-civ-spouse,Craft-repair,Husband,Asian-Pac-Islander,Male,0,0,40,India,1,0.25161043,0,False Negative
34,Private,160449,HS-grad,9,Married-civ-spouse,Machine-op-inspct,Husband,White,Male,0,0,44,United-States,1,0.22597632,0,False Negative
38,Private,114059,Some-college,10,Married-civ-spouse,Sales,Husband,White,Male,0,0,60,United-States,0,0.5401283,1,False Positive
37,Private,328301,Some-college,10,Never-married,Tech-support,Unmarried,White,Female,4934,0,60,United-States,1,0.21782106,0,False Negative
38,Private,172538,HS-grad,9,Married-civ-spouse,Sales,Husband,White,Male,0,0,55,United-States,0,0.46226656,1,False Positive
34,Private,193036,Some-college,10,Married-civ-spouse,Adm-clerical,Husband,Black,Male,0,0,40,United-States,1,0.31039214,0,False Negative
64,Private,237581,7th-8th,4,Married-civ-spouse,Transport-moving,Husband,White,Male,0,0,48,Mexico,1,0.06580751,0,False Negative
28,Private,132686,Masters,14,Married-civ-spouse,Sales,Husband,White,Male,0,0,40,United-States,0,0.5344981,1,False Positive
34,Private,132544,Some-college,10,Married-civ-spouse,Sales,Husband,White,Male,0,0,99,United-States,0,0.54033244,1,False Positive
38,Private,100295,7th-8th,4,Married-civ-spouse,Machine-op-inspct,Wife,White,Female,0,0,50,Canada,1,0.1436866,0,False Negative
52,Private,343440,Some-college,10,Married-civ-spouse,Prof-specialty,Husband,White,Male,0,0,40,United-States,0,0.58153707,1,False Positive
69,,167826,Bachelors,13,Married-civ-spouse,,Husband,White,Male,0,0,40,United-States,0,0.492893,1,False Positive
30,Private,270889,Some-college,10,Married-civ-spouse,Adm-clerical,Husband,White,Male,0,0,40,United-States,1,0.3048425,0,False Negative
43,State-gov,222978,Doctorate,16,Separated,Prof-specialty,Unmarried,White,Female,0,0,40,United-States,1,0.23226286,0,False Negative
45,Local-gov,318280,HS-grad,9,Widowed,Protective-serv,Not-in-family,White,Male,0,0,40,United-States,1,0.15910324,0,False Negative
57,Federal-gov,313929,Some-college,10,Married-civ-spouse,Prof-specialty,Husband,Amer-Indian-Eskimo,Male,0,0,40,United-States,0,0.6160672,1,False Positive
53,Private,166386,Bachelors,13,Married-civ-spouse,Machine-op-inspct,Wife,Asian-Pac-Islander,Female,0,0,40,China,0,0.42843455,1,False Positive
49,Federal-gov,233059,Assoc-voc,11,Married-civ-spouse,Craft-repair,Husband,White,Male,0,0,40,United-States,0,0.6449917,1,False Positive
41,Private,63105,HS-grad,9,Never-married,Craft-repair,Not-in-family,White,Male,0,0,42,United-States,1,0.042292643,0,False Negative
40,Private,77370,HS-grad,9,Married-civ-spouse,Craft-repair,Husband,White,Male,0,0,40,United-States,1,0.2763181,0,False Negative
25,Private,332409,Assoc-voc,11,Married-civ-spouse,Craft-repair,Husband,White,Male,0,0,40,United-States,1,0.14905025,0,False Negative
41,Private,201908,Masters,14,Married-civ-spouse,Sales,Husband,White,Male,0,0,20,United-States,0,0.36249343,1,False Positive
45,Private,153141,HS-grad,9,Married-civ-spouse,Adm-clerical,Husband,White,Male,0,0,40,,0,0.41401827,1,False Positive
36,Private,592930,HS-grad,9,Married-civ-spouse,Transport-moving,Husband,Black,Male,0,0,50,United-States,1,0.2864988,0,False Negative
53,Private,71772,Doctorate,16,Divorced,Prof-specialty,Not-in-family,White,Male,0,0,50,United-States,0,0.6748776,1,False Positive
58,State-gov,400285,HS-grad,9,Married-civ-spouse,Adm-clerical,Husband,Black,Male,0,0,40,United-States,1,0.32178476,0,False Negative
30,Private,128065,Some-college,10,Married-civ-spouse,Tech-support,Husband,White,Male,0,0,45,United-States,0,0.3606606,1,False Positive
44,Private,210013,HS-grad,9,Married-civ-spouse,Transport-moving,Husband,White,Male,0,0,40,United-States,1,0.2986442,0,False Negative
33,Self-emp-not-inc,33404,HS-grad,9,Divorced,Craft-repair,Not-in-family,White,Male,0,0,65,United-States,1,0.077765845,0,False Negative
46,Self-emp-not-inc,102869,HS-grad,9,Married-civ-spouse,Sales,Husband,White,Male,0,0,40,United-States,1,0.2859975,0,False Negative
63,Self-emp-not-inc,289741,Masters,14,Married-civ-spouse,Farming-fishing,Husband,White,Male,41310,0,50,United-States,0,0.9864716,1,False Positive
61,Local-gov,176671,Masters,14,Married-civ-spouse,Prof-specialty,Wife,White,Female,0,0,30,United-States,0,0.5341055,1,False Positive
46,Private,175262,Assoc-acdm,12,Married-civ-spouse,Adm-clerical,Husband,Asian-Pac-Islander,Male,0,0,40,India,0,0.50016814,1,False Positive
39,Private,269722,Bachelors,13,Married-civ-spouse,Exec-managerial,Husband,White,Male,0,0,70,United-States,0,0.70398843,1,False Positive
26,,167835,Bachelors,13,Married-civ-spouse,,Wife,White,Female,0,0,20,United-States,0,0.41570547,1,False Positive
60,Self-emp-not-inc,106118,HS-grad,9,Married-civ-spouse,Sales,Husband,White,Male,0,0,70,United-States,1,0.27787948,0,False Negative
38,Local-gov,360494,Prof-school,15,Never-married,Prof-specialty,Not-in-family,White,Male,0,0,50,United-States,0,0.7461576,1,False Positive
41,Self-emp-not-inc,113324,Assoc-voc,11,Married-civ-spouse,Farming-fishing,Husband,White,Male,0,0,70,United-States,1,0.14524226,0,False Negative
34,State-gov,44464,Doctorate,16,Never-married,Prof-specialty,Not-in-family,White,Female,0,0,60,United-States,0,0.44559762,1,False Positive
38,Private,48779,Some-college,10,Married-civ-spouse,Transport-moving,Husband,White,Male,0,0,40,United-States,1,0.31388006,0,False Negative
33,Self-emp-not-inc,175502,Bachelors,13,Married-civ-spouse,Prof-specialty,Husband,White,Male,0,0,60,United-States,0,0.5447371,1,False Positive
50,Local-gov,97449,Some-college,10,Married-civ-spouse,Protective-serv,Husband,White,Male,0,0,48,United-States,0,0.62614197,1,False Positive
64,Federal-gov,173754,HS-grad,9,Married-civ-spouse,Adm-clerical,Husband,White,Male,0,0,40,United-States,0,0.43334538,1,False Positive
51,,165637,Masters,14,Married-civ-spouse,,Husband,White,Male,0,0,40,United-States,0,0.7664759,1,False Positive
58,Private,185459,HS-grad,9,Married-civ-spouse,Transport-moving,Husband,White,Male,0,0,45,United-States,0,0.42723426,1,False Positive
39,Self-emp-inc,33975,HS-grad,9,Married-civ-spouse,Craft-repair,Husband,White,Male,0,0,50,United-States,0,0.36450112,1,False Positive
51,Self-emp-not-inc,256963,Some-college,10,Married-civ-spouse,Sales,Husband,White,Male,0,0,60,United-States,0,0.4149354,1,False Positive
55,State-gov,169482,HS-grad,9,Married-civ-spouse,Farming-fishing,Husband,White,Male,0,0,40,United-States,1,0.11012923,0,False Negative
51,Private,155983,HS-grad,9,Married-civ-spouse,Craft-repair,Husband,White,Male,0,0,50,United-States,0,0.50129145,1,False Positive
37,Private,207066,Masters,14,Married-civ-spouse,Prof-specialty,Husband,White,Male,0,0,70,United-States,0,0.6786653,1,False Positive
42,Private,390781,Bachelors,13,Married-civ-spouse,Adm-clerical,Wife,Black,Female,0,0,40,United-States,0,0.64401984,1,False Positive
56,Private,267652,Bachelors,13,Married-civ-spouse,Craft-repair,Husband,White,Male,0,0,40,United-States,0,0.60836816,1,False Positive
28,State-gov,134813,Bachelors,13,Never-married,Prof-specialty,Not-in-family,White,Male,0,0,65,United-States,1,0.11568362,0,False Negative
56,Private,244580,HS-grad,9,Married-civ-spouse,Transport-moving,Husband,White,Male,0,0,40,United-States,1,0.3375898,0,False Negative
27,Private,209085,Assoc-voc,11,Married-civ-spouse,Prof-specialty,Husband,White,Male,0,0,44,United-States,1,0.25623628,0,False Negative
65,,36039,HS-grad,9,Married-civ-spouse,,Husband,White,Male,0,0,40,United-States,1,0.2712495,0,False Negative
29,Private,161097,HS-grad,9,Married-civ-spouse,Machine-op-inspct,Husband,Black,Male,0,0,40,United-States,1,0.058259588,0,False Negative
51,Federal-gov,215948,Some-college,10,Married-civ-spouse,Handlers-cleaners,Husband,Other,Male,0,0,40,,0,0.35874012,1,False Positive
39,Local-gov,249392,Masters,14,Married-civ-spouse,Prof-specialty,Husband,White,Male,0,0,72,United-States,0,0.6453144,1,False Positive
28,Private,377095,Bachelors,13,Married-civ-spouse,Exec-managerial,Wife,White,Female,0,0,40,United-States,0,0.6762333,1,False Positive
36,Private,35429,Some-college,10,Married-civ-spouse,Exec-managerial,Husband,White,Male,0,0,60,United-States,0,0.57678056,1,False Positive
47,,214605,HS-grad,9,Married-civ-spouse,,Husband,White,Male,0,0,40,United-States,0,0.42268702,1,False Positive
54,Private,174102,Some-college,10,Never-married,Exec-managerial,Not-in-family,White,Male,0,0,40,United-States,1,0.13783269,0,False Negative
52,Private,180062,Some-college,10,Married-civ-spouse,Exec-managerial,Husband,White,Male,0,0,60,United-States,0,0.73638695,1,False Positive
38,Private,165930,Some-college,10,Married-civ-spouse,Exec-managerial,Husband,White,Male,0,0,50,United-States,0,0.6527767,1,False Positive
32,Private,386806,5th-6th,3,Married-civ-spouse,Craft-repair,Husband,Other,Male,0,0,45,Mexico,1,0.0191878,0,False Negative
35,Self-emp-not-inc,98360,Bachelors,13,Married-civ-spouse,Prof-specialty,Husband,White,Male,0,0,40,United-States,0,0.5452926,1,False Positive
60,,131852,5th-6th,3,Married-civ-spouse,,Husband,White,Male,0,0,30,United-States,1,0.06227486,0,False Negative
39,Self-emp-inc,168355,HS-grad,9,Married-civ-spouse,Exec-managerial,Husband,White,Male,0,0,70,United-States,0,0.53018296,1,False Positive
30,Private,206051,HS-grad,9,Married-civ-spouse,Handlers-cleaners,Husband,White,Male,0,0,40,United-States,1,0.13171361,0,False Negative
40,State-gov,184018,Assoc-voc,11,Married-civ-spouse,Machine-op-inspct,Husband,White,Male,0,0,38,United-States,1,0.31513536,0,False Negative
47,Private,138342,HS-grad,9,Married-civ-spouse,Craft-repair,Husband,White,Male,0,0,50,United-States,0,0.49742246,1,False Positive
53,Self-emp-inc,202069,Some-college,10,Married-civ-spouse,Exec-managerial,Wife,Black,Female,0,0,30,United-States,0,0.4831987,1,False Positive
56,Private,193130,Prof-school,15,Married-civ-spouse,Exec-managerial,Husband,White,Male,0,0,16,United-States,0,0.50986594,1,False Positive
40,Federal-gov,241895,HS-grad,9,Married-civ-spouse,Adm-clerical,Husband,White,Male,0,0,40,United-States,0,0.5269722,1,False Positive
49,Private,185859,HS-grad,9,Married-civ-spouse,Craft-repair,Husband,White,Male,0,0,43,United-States,0,0.43039608,1,False Positive
35,Private,226789,Some-college,10,Married-civ-spouse,Exec-managerial,Husband,White,Male,0,0,58,United-States,0,0.6208424,1,False Positive
46,Private,100067,11th,7,Married-civ-spouse,Other-service,Wife,Black,Female,0,0,35,United-States,1,0.06025882,0,False Negative
42,Local-gov,445382,Bachelors,13,Separated,Exec-managerial,Not-in-family,White,Male,0,0,45,United-States,1,0.30228323,0,False Negative
45,Private,111381,Some-college,10,Married-civ-spouse,Exec-managerial,Husband,White,Male,0,0,65,United-States,0,0.71352303,1,False Positive
41,Private,307468,HS-grad,9,Married-civ-spouse,Transport-moving,Husband,White,Male,0,0,50,United-States,0,0.38748255,1,False Positive
75,Self-emp-not-inc,208426,Prof-school,15,Married-civ-spouse,Prof-specialty,Husband,White,Male,0,0,35,United-States,0,0.6121089,1,False Positive
42,Private,92288,Masters,14,Married-civ-spouse,Sales,Husband,Asian-Pac-Islander,Male,0,0,40,,0,0.68795043,1,False Positive
47,State-gov,80282,Doctorate,16,Married-civ-spouse,Prof-specialty,Husband,White,Male,0,0,45,United-States,0,0.8743075,1,False Positive
71,,161027,Masters,14,Married-civ-spouse,,Husband,White,Male,0,0,8,United-States,1,0.28207448,0,False Negative
51,Private,82566,HS-grad,9,Married-civ-spouse,Craft-repair,Husband,White,Male,0,0,50,United-States,0,0.4336337,1,False Positive
47,Self-emp-not-inc,218676,Masters,14,Married-civ-spouse,Exec-managerial,Husband,White,Male,0,0,45,United-States,0,0.7173771,1,False Positive
32,Self-emp-not-inc,337696,Some-college,10,Married-civ-spouse,Sales,Husband,White,Male,0,0,50,United-States,0,0.36227137,1,False Positive
47,Local-gov,216657,Masters,14,Never-married,Prof-specialty,Not-in-family,White,Male,0,0,35,United-States,1,0.31758603,0,False Negative
27,Local-gov,68729,HS-grad,9,Married-civ-spouse,Protective-serv,Husband,Asian-Pac-Islander,Male,0,0,40,United-States,1,0.30524883,0,False Negative
44,Private,110908,Assoc-voc,11,Married-civ-spouse,Transport-moving,Wife,White,Female,0,0,25,United-States,0,0.43676645,1,False Positive
45,Private,205816,HS-grad,9,Married-civ-spouse,Other-service,Wife,White,Female,0,0,40,United-States,1,0.25560933,0,False Negative
37,Self-emp-inc,593246,Bachelors,13,Never-married,Other-service,Not-in-family,White,Female,0,0,50,United-States,1,0.18735202,0,False Negative
42,Private,153489,Bachelors,13,Married-civ-spouse,Exec-managerial,Husband,White,Male,0,0,40,United-States,0,0.7592612,1,False Positive
50,Private,75763,Assoc-voc,11,Married-civ-spouse,Transport-moving,Husband,White,Male,0,0,65,United-States,0,0.49352276,1,False Positive
30,Local-gov,194740,Bachelors,13,Married-civ-spouse,Protective-serv,Husband,White,Male,0,0,40,United-States,0,0.67019767,1,False Positive
45,Private,97842,Some-college,10,Married-civ-spouse,Machine-op-inspct,Husband,White,Male,0,0,65,United-States,0,0.46228403,1,False Positive
49,Private,32212,HS-grad,9,Married-civ-spouse,Exec-managerial,Wife,White,Female,0,0,43,United-States,0,0.61971486,1,False Positive
53,Private,161691,Masters,14,Divorced,Exec-managerial,Not-in-family,White,Female,4865,0,40,United-States,0,0.49639776,1,False Positive
46,Private,73541,HS-grad,9,Married-civ-spouse,Adm-clerical,Husband,White,Male,0,0,40,United-States,0,0.3518758,1,False Positive
61,Private,99784,Masters,14,Widowed,Prof-specialty,Not-in-family,White,Female,0,0,40,United-States,1,0.18021107,0,False Negative
66,Self-emp-not-inc,102686,Masters,14,Married-civ-spouse,Exec-managerial,Husband,White,Male,0,0,20,United-States,1,0.27176982,0,False Negative
50,Private,200960,Some-college,10,Married-civ-spouse,Sales,Husband,White,Male,0,0,50,United-States,0,0.6060353,1,False Positive
51,Private,256466,Bachelors,13,Married-civ-spouse,Adm-clerical,Husband,Asian-Pac-Islander,Male,0,0,50,Philippines,0,0.6836099,1,False Positive
42,Private,269028,Doctorate,16,Married-civ-spouse,Prof-specialty,Husband,White,Male,0,0,40,France,0,0.85500956,1,False Positive
34,Private,169527,Some-college,10,Married-civ-spouse,Sales,Wife,White,Female,4386,0,20,United-States,0,0.718923,1,False Positive
32,Local-gov,247156,HS-grad,9,Married-civ-spouse,Other-service,Husband,Black,Male,3103,0,38,United-States,1,0.24421331,0,False Negative
35,Private,151835,HS-grad,9,Married-civ-spouse,Machine-op-inspct,Husband,White,Male,0,0,45,United-States,1,0.24584676,0,False Negative
51,Local-gov,319054,HS-grad,9,Married-civ-spouse,Transport-moving,Husband,Black,Male,0,0,60,United-States,0,0.5558548,1,False Positive
44,Private,201734,HS-grad,9,Married-civ-spouse,Craft-repair,Husband,White,Male,0,0,45,United-States,0,0.3904706,1,False Positive
31,Private,87418,Assoc-voc,11,Married-civ-spouse,Exec-managerial,Husband,White,Male,0,0,40,United-States,0,0.42134202,1,False Positive
61,,113544,Bachelors,13,Married-civ-spouse,,Husband,White,Male,0,0,55,United-States,0,0.67314404,1,False Positive
29,Federal-gov,185670,Bachelors,13,Married-civ-spouse,Prof-specialty,Husband,White,Male,0,0,40,United-States,0,0.67448765,1,False Positive
56,Private,119859,Some-college,10,Divorced,Transport-moving,Not-in-family,White,Male,0,0,40,United-States,1,0.09998586,0,False Negative
60,Private,85815,HS-grad,9,Married-civ-spouse,Craft-repair,Husband,Asian-Pac-Islander,Male,0,0,40,United-States,0,0.38317317,1,False Positive
38,Private,150601,10th,6,Separated,Adm-clerical,Unmarried,White,Male,0,3770,40,United-States,0,0.58073694,1,False Positive
57,Private,41762,HS-grad,9,Married-civ-spouse,Craft-repair,Husband,Asian-Pac-Islander,Male,0,0,40,South,1,0.2841798,0,False Negative
32,Private,160634,Bachelors,13,Married-civ-spouse,Farming-fishing,Husband,White,Male,0,0,60,United-States,0,0.43445662,1,False Positive
54,Private,133403,Some-college,10,Married-civ-spouse,Machine-op-inspct,Husband,White,Male,0,0,40,United-States,0,0.4363765,1,False Positive
49,Private,169818,HS-grad,9,Married-civ-spouse,Other-service,Wife,Black,Female,0,0,40,United-States,1,0.18692514,0,False Negative
45,Private,68896,HS-grad,9,Married-civ-spouse,Machine-op-inspct,Husband,Black,Male,0,0,48,,0,0.36783063,1,False Positive
36,Private,170842,Masters,14,Married-civ-spouse,Exec-managerial,Husband,White,Male,0,0,35,United-States,0,0.7088802,1,False Positive
40,Private,286370,7th-8th,4,Married-civ-spouse,Machine-op-inspct,Husband,White,Male,0,0,40,Mexico,1,0.015288872,0,False Negative
45,Private,112283,Bachelors,13,Married-civ-spouse,Sales,Husband,White,Male,0,0,55,United-States,0,0.6953301,1,False Positive
50,Private,230951,Bachelors,13,Married-civ-spouse,Sales,Husband,White,Male,0,0,40,United-States,0,0.72093254,1,False Positive
30,Private,29662,Assoc-acdm,12,Married-civ-spouse,Other-service,Wife,White,Female,0,0,25,United-States,1,0.16726296,0,False Negative
23,Private,380544,Some-college,10,Married-civ-spouse,Adm-clerical,Husband,White,Male,0,0,40,United-States,1,0.044109285,0,False Negative
38,Self-emp-not-inc,107410,9th,5,Married-civ-spouse,Transport-moving,Husband,White,Male,0,0,45,United-States,1,0.13451318,0,False Negative
25,Self-emp-inc,148888,HS-grad,9,Married-civ-spouse,Exec-managerial,Husband,White,Male,0,0,60,United-States,1,0.25282583,0,False Negative
44,Private,33105,HS-grad,9,Married-civ-spouse,Exec-managerial,Husband,Amer-Indian-Eskimo,Male,0,0,40,United-States,0,0.4455197,1,False Positive
56,Private,83196,HS-grad,9,Married-civ-spouse,Exec-managerial,Husband,White,Male,0,0,50,United-States,0,0.50763214,1,False Positive
58,Private,252419,11th,7,Married-civ-spouse,Transport-moving,Husband,White,Male,0,0,50,United-States,0,0.35013697,1,False Positive
52,Private,150930,Assoc-voc,11,Married-civ-spouse,Craft-repair,Husband,White,Male,0,0,40,United-States,0,0.511892,1,False Positive
45,Private,217654,Some-college,10,Married-civ-spouse,Handlers-cleaners,Husband,White,Male,0,0,40,Germany,1,0.25495464,0,False Negative
40,Private,206066,HS-grad,9,Married-civ-spouse,Craft-repair,Husband,White,Male,0,0,50,United-States,0,0.41663775,1,False Positive
52,Private,177858,HS-grad,9,Divorced,Craft-repair,Other-relative,White,Male,0,0,55,United-States,1,0.110240705,0,False Negative
46,Private,133169,Assoc-voc,11,Married-civ-spouse,Craft-repair,Husband,White,Male,0,0,40,United-States,0,0.50745064,1,False Positive
34,Private,216645,HS-grad,9,Married-civ-spouse,Machine-op-inspct,Husband,White,Male,0,0,40,United-States,1,0.17836154,0,False Negative
46,Private,328669,Assoc-voc,11,Married-civ-spouse,Craft-repair,Husband,White,Male,0,0,42,United-States,0,0.60694337,1,False Positive
35,Private,204527,Masters,14,Never-married,Craft-repair,Not-in-family,White,Male,0,0,50,United-States,1,0.25153637,0,False Negative
25,Private,139730,HS-grad,9,Married-civ-spouse,Craft-repair,Husband,White,Male,0,0,80,United-States,1,0.19892244,0,False Negative
51,Local-gov,182985,HS-grad,9,Married-civ-spouse,Adm-clerical,Wife,White,Female,0,0,40,United-States,0,0.485847,1,False Positive
59,Private,136413,Bachelors,13,Married-civ-spouse,Sales,Husband,White,Male,0,0,40,United-States,0,0.7187367,1,False Positive
40,Private,294708,HS-grad,9,Married-civ-spouse,Transport-moving,Husband,Black,Male,0,0,40,United-States,1,0.20133096,0,False Negative
56,Private,373216,HS-grad,9,Married-civ-spouse,Adm-clerical,Husband,White,Male,0,0,48,United-States,0,0.44988143,1,False Positive
56,Private,159544,Masters,14,Married-civ-spouse,Prof-specialty,Husband,White,Male,0,0,60,United-States,0,0.69183725,1,False Positive
32,Private,34104,Some-college,10,Married-civ-spouse,Exec-managerial,Husband,White,Male,0,0,40,United-States,0,0.42851326,1,False Positive
46,Self-emp-inc,181413,Assoc-acdm,12,Married-civ-spouse,Exec-managerial,Wife,White,Female,0,0,40,United-States,0,0.70620805,1,False Positive
42,Private,185145,Some-college,10,Married-civ-spouse,Transport-moving,Husband,White,Male,0,0,57,United-States,0,0.46423137,1,False Positive
43,Private,91316,Masters,14,Never-married,Prof-specialty,Not-in-family,White,Male,0,0,60,United-States,1,0.23259248,0,False Negative
49,Self-emp-not-inc,99335,Some-college,10,Married-civ-spouse,Sales,Husband,White,Male,0,0,50,United-States,0,0.3946876,1,False Positive
52,Self-emp-not-inc,30008,Masters,14,Married-civ-spouse,Farming-fishing,Husband,White,Male,0,0,45,United-States,0,0.4878939,1,False Positive
32,Self-emp-inc,45796,HS-grad,9,Married-civ-spouse,Exec-managerial,Husband,White,Male,0,0,45,United-States,0,0.37558553,1,False Positive
33,Self-emp-not-inc,245173,Assoc-acdm,12,Married-civ-spouse,Prof-specialty,Husband,White,Male,0,0,40,United-States,0,0.38874722,1,False Positive
56,Self-emp-not-inc,306633,Assoc-voc,11,Married-civ-spouse,Prof-specialty,Husband,White,Male,0,0,40,United-States,0,0.39687076,1,False Positive
46,Private,330416,Some-college,10,Married-civ-spouse,Adm-clerical,Husband,White,Male,0,0,40,United-States,0,0.4978666,1,False Positive
56,Private,94156,HS-grad,9,Married-civ-spouse,Adm-clerical,Husband,White,Male,0,0,50,United-States,0,0.40122244,1,False Positive
44,Private,261899,Some-college,10,Married-civ-spouse,Machine-op-inspct,Husband,White,Male,0,0,44,United-States,0,0.43647057,1,False Positive
34,Local-gov,325792,Some-college,10,Married-civ-spouse,Craft-repair,Husband,White,Male,0,0,40,United-States,0,0.3894694,1,False Positive
46,Private,130779,Some-college,10,Married-civ-spouse,Adm-clerical,Husband,White,Male,0,0,40,United-States,0,0.4979416,1,False Positive
53,Private,120839,Some-college,10,Married-civ-spouse,Craft-repair,Husband,White,Male,0,0,40,United-States,0,0.49503526,1,False Positive
40,Private,335400,Some-college,10,Married-civ-spouse,Sales,Husband,White,Male,0,0,40,Dominican-Republic,0,0.42149302,1,False Positive
33,Private,138667,HS-grad,9,Married-civ-spouse,Adm-clerical,Husband,White,Male,0,0,50,United-States,1,0.30123043,0,False Negative
37,Private,48268,HS-grad,9,Married-civ-spouse,Exec-managerial,Husband,White,Male,0,0,55,United-States,0,0.47717258,1,False Positive
41,Self-emp-inc,195096,Bachelors,13,Married-civ-spouse,Prof-specialty,Husband,White,Male,0,0,50,United-States,0,0.740296,1,False Positive
38,Local-gov,347491,Bachelors,13,Married-civ-spouse,Protective-serv,Husband,White,Male,0,0,40,United-States,0,0.72808254,1,False Positive
36,Private,200352,Bachelors,13,Married-civ-spouse,Prof-specialty,Husband,White,Male,0,0,45,United-States,0,0.69395715,1,False Positive
54,Self-emp-not-inc,99902,Some-college,10,Married-civ-spouse,Craft-repair,Husband,White,Male,0,0,40,Ireland,1,0.28941312,0,False Negative
48,Private,219565,HS-grad,9,Married-civ-spouse,Craft-repair,Husband,White,Male,0,0,40,United-States,0,0.39321327,1,False Positive
55,State-gov,136819,HS-grad,9,Married-civ-spouse,Protective-serv,Husband,White,Male,0,0,40,United-States,0,0.35687187,1,False Positive
40,Local-gov,34739,Some-college,10,Married-civ-spouse,Exec-managerial,Wife,White,Female,0,0,36,United-States,0,0.54788667,1,False Positive
43,Private,236936,HS-grad,9,Divorced,Exec-managerial,Unmarried,White,Female,0,0,47,United-States,1,0.05441453,0,False Negative
53,Self-emp-inc,157881,Some-college,10,Divorced,Exec-managerial,Not-in-family,White,Male,0,0,60,United-States,0,0.36258256,1,False Positive
35,Private,188888,Bachelors,13,Never-married,Sales,Not-in-family,White,Male,0,0,40,United-States,1,0.1456264,0,False Negative
26,Private,116991,HS-grad,9,Married-civ-spouse,Craft-repair,Husband,White,Male,0,0,40,United-States,1,0.114057615,0,False Negative
32,Private,214150,HS-grad,9,Married-civ-spouse,Machine-op-inspct,Husband,White,Male,0,0,50,United-States,1,0.24581212,0,False Negative
40,Private,92036,HS-grad,9,Married-civ-spouse,Handlers-cleaners,Husband,White,Male,0,0,40,United-States,1,0.17941734,0,False Negative
51,Self-emp-not-inc,95435,HS-grad,9,Married-civ-spouse,Sales,Husband,White,Male,0,0,60,United-States,1,0.34020972,0,False Negative
47,State-gov,103406,HS-grad,9,Married-civ-spouse,Tech-support,Husband,White,Male,0,0,40,United-States,0,0.41066274,1,False Positive
45,Self-emp-not-inc,285570,HS-grad,9,Married-civ-spouse,Transport-moving,Husband,White,Male,0,0,80,United-States,0,0.3751146,1,False Positive
46,Self-emp-not-inc,481987,Some-college,10,Married-civ-spouse,Prof-specialty,Husband,White,Male,0,0,35,United-States,0,0.4575383,1,False Positive
27,Private,167501,Bachelors,13,Married-civ-spouse,Prof-specialty,Wife,White,Female,0,0,40,United-States,0,0.6061773,1,False Positive
35,Local-gov,45607,Masters,14,Never-married,Prof-specialty,Not-in-family,White,Male,0,0,60,United-States,1,0.1792123,0,False Negative
57,Local-gov,148509,Bachelors,13,Married-civ-spouse,Prof-specialty,Husband,Asian-Pac-Islander,Male,0,0,35,India,0,0.61991906,1,False Positive
39,Private,380614,Some-college,10,Divorced,Prof-specialty,Not-in-family,White,Female,0,0,45,United-States,1,0.13444352,0,False Negative
27,Local-gov,137629,HS-grad,9,Married-civ-spouse,Exec-managerial,Husband,White,Male,0,0,80,United-States,1,0.33738726,0,False Negative
33,Private,183778,HS-grad,9,Married-civ-spouse,Exec-managerial,Husband,White,Male,0,0,40,United-States,1,0.31323466,0,False Negative
45,Self-emp-not-inc,155489,7th-8th,4,Married-civ-spouse,Exec-managerial,Husband,White,Male,0,0,65,United-States,1,0.22106668,0,False Negative
48,Private,196571,Some-college,10,Married-civ-spouse,Craft-repair,Husband,White,Male,0,0,40,United-States,0,0.4904326,1,False Positive
37,Private,112554,HS-grad,9,Married-civ-spouse,Sales,Husband,White,Male,0,0,45,United-States,0,0.35931724,1,False Positive
40,Private,147099,Bachelors,13,Married-civ-spouse,Prof-specialty,Wife,White,Female,0,0,5,United-States,0,0.76179504,1,False Positive
70,Self-emp-not-inc,205860,Masters,14,Married-civ-spouse,Exec-managerial,Husband,Black,Male,0,0,40,United-States,0,0.5125357,1,False Positive
33,State-gov,119628,Doctorate,16,Married-civ-spouse,Prof-specialty,Husband,Asian-Pac-Islander,Male,0,0,50,Hong,0,0.75571424,1,False Positive
43,Local-gov,160574,Bachelors,13,Married-civ-spouse,Craft-repair,Husband,White,Male,0,0,40,United-States,0,0.59968704,1,False Positive
31,Private,197672,Bachelors,13,Married-civ-spouse,Prof-specialty,Husband,White,Male,0,0,40,United-States,0,0.6177332,1,False Positive
45,Private,137946,Bachelors,13,Divorced,Sales,Not-in-family,White,Male,0,0,50,United-States,0,0.49037993,1,False Positive
48,Private,153254,HS-grad,9,Married-civ-spouse,Tech-support,Husband,Black,Male,0,0,48,United-States,0,0.55535674,1,False Positive
40,Private,137142,HS-grad,9,Married-civ-spouse,Sales,Husband,White,Male,0,0,60,United-States,0,0.46759722,1,False Positive
29,Private,162257,Bachelors,13,Married-civ-spouse,Adm-clerical,Husband,White,Male,0,0,40,United-States,0,0.53287756,1,False Positive
31,Local-gov,168740,HS-grad,9,Married-civ-spouse,Protective-serv,Husband,Black,Male,0,0,40,United-States,1,0.17920011,0,False Negative
40,Private,205680,Masters,14,Married-civ-spouse,Exec-managerial,Husband,White,Male,0,0,50,United-States,0,0.8773019,1,False Positive
45,Private,306122,Bachelors,13,Never-married,Other-service,Not-in-family,Black,Female,0,0,44,United-States,1,0.13145427,0,False Negative
63,Private,188976,Bachelors,13,Married-civ-spouse,Adm-clerical,Husband,White,Male,0,0,40,United-States,0,0.5472935,1,False Positive
46,Local-gov,144531,Bachelors,13,Never-married,Prof-specialty,Not-in-family,White,Female,0,0,40,United-States,1,0.1429509,0,False Negative
50,Private,81548,HS-grad,9,Married-civ-spouse,Prof-specialty,Husband,White,Male,0,0,40,United-States,0,0.3763161,1,False Positive
53,State-gov,153486,Some-college,10,Married-civ-spouse,Farming-fishing,Husband,White,Male,0,0,50,United-States,0,0.3900316,1,False Positive
54,Local-gov,29887,HS-grad,9,Married-civ-spouse,Exec-managerial,Husband,White,Male,0,0,56,United-States,0,0.66714764,1,False Positive
48,Self-emp-not-inc,82098,Some-college,10,Married-civ-spouse,Exec-managerial,Husband,Asian-Pac-Islander,Male,0,0,65,United-States,0,0.37219554,1,False Positive
51,Federal-gov,190333,Some-college,10,Married-civ-spouse,Craft-repair,Husband,White,Male,0,0,40,United-States,0,0.605998,1,False Positive
39,Private,185099,HS-grad,9,Married-civ-spouse,Exec-managerial,Husband,White,Male,0,0,40,United-States,0,0.45735243,1,False Positive
63,,231777,Masters,14,Married-civ-spouse,,Husband,White,Male,0,0,30,United-States,0,0.4657143,1,False Positive
39,Private,65382,Some-college,10,Married-civ-spouse,Exec-managerial,Husband,White,Male,0,0,40,United-States,0,0.5007327,1,False Positive
56,Private,146326,HS-grad,9,Married-civ-spouse,Transport-moving,Husband,White,Male,0,0,50,United-States,0,0.43719685,1,False Positive
63,Private,116993,HS-grad,9,Married-civ-spouse,Machine-op-inspct,Husband,White,Male,0,0,40,United-States,1,0.23697495,0,False Negative
54,Private,175339,HS-grad,9,Married-civ-spouse,Sales,Husband,White,Male,0,0,50,United-States,0,0.5184821,1,False Positive
40,Private,227236,HS-grad,9,Married-civ-spouse,Sales,Husband,White,Male,0,0,50,United-States,0,0.43650153,1,False Positive
42,Private,149823,Some-college,10,Married-civ-spouse,Craft-repair,Husband,White,Male,0,0,40,United-States,0,0.44468543,1,False Positive
59,Private,169133,HS-grad,9,Married-civ-spouse,Craft-repair,Husband,White,Male,0,0,45,United-States,0,0.41329047,1,False Positive
40,Private,144778,Bachelors,13,Married-spouse-absent,Sales,Not-in-family,White,Male,0,0,40,United-States,1,0.25464877,0,False Negative
35,State-gov,177974,HS-grad,9,Married-civ-spouse,Protective-serv,Husband,White,Male,0,0,40,United-States,1,0.16359806,0,False Negative
50,Private,151159,Assoc-voc,11,Married-civ-spouse,Other-service,Husband,White,Male,0,0,55,United-States,0,0.497592,1,False Positive
61,Federal-gov,512864,Some-college,10,Married-civ-spouse,Transport-moving,Husband,Black,Male,0,0,40,United-States,0,0.49941203,1,False Positive
41,Private,373469,Assoc-acdm,12,Married-civ-spouse,Machine-op-inspct,Husband,White,Male,0,0,40,United-States,0,0.44358498,1,False Positive
36,Self-emp-not-inc,175769,Prof-school,15,Married-civ-spouse,Craft-repair,Husband,White,Male,0,0,60,United-States,0,0.6792088,1,False Positive
39,Private,255503,Bachelors,13,Never-married,Exec-managerial,Not-in-family,White,Male,0,0,40,United-States,1,0.15312055,0,False Negative
35,Private,160910,Some-college,10,Married-civ-spouse,Sales,Husband,White,Male,0,0,50,United-States,0,0.48656508,1,False Positive
35,Local-gov,38948,Some-college,10,Married-civ-spouse,Protective-serv,Husband,White,Male,0,0,50,United-States,0,0.4582918,1,False Positive
56,Private,99894,10th,6,Married-civ-spouse,Sales,Wife,Asian-Pac-Islander,Female,0,0,30,Japan,1,0.108588345,0,False Negative
43,State-gov,41834,HS-grad,9,Married-civ-spouse,Transport-moving,Husband,White,Male,0,0,38,United-States,1,0.20551485,0,False Negative
61,Private,231323,Some-college,10,Married-civ-spouse,Craft-repair,Husband,White,Male,0,0,40,United-States,0,0.4064007,1,False Positive
48,Private,320421,HS-grad,9,Married-civ-spouse,Sales,Husband,White,Male,0,0,50,United-States,0,0.5491767,1,False Positive
37,Private,294292,Prof-school,15,Married-civ-spouse,Exec-managerial,Husband,White,Male,0,0,40,United-States,0,0.7782977,1,False Positive
42,Private,118652,Assoc-acdm,12,Married-civ-spouse,Tech-support,Husband,White,Male,0,0,40,United-States,0,0.5733819,1,False Positive
59,Private,277034,HS-grad,9,Divorced,Tech-support,Unmarried,White,Male,0,0,60,United-States,1,0.24374701,0,False Negative
60,Self-emp-not-inc,235535,HS-grad,9,Married-civ-spouse,Exec-managerial,Husband,White,Male,0,0,48,United-States,0,0.35483626,1,False Positive
56,,425497,Assoc-acdm,12,Married-civ-spouse,,Husband,White,Male,0,0,20,United-States,0,0.4044428,1,False Positive
33,Private,37274,Bachelors,13,Married-civ-spouse,Prof-specialty,Husband,White,Male,0,0,65,United-States,0,0.5665737,1,False Positive
50,Private,138193,Bachelors,13,Divorced,Prof-specialty,Other-relative,White,Female,0,0,50,United-States,1,0.15803458,0,False Negative
28,Private,303440,Bachelors,13,Separated,Exec-managerial,Not-in-family,White,Female,0,0,50,United-States,1,0.27836516,0,False Negative
64,Local-gov,190228,HS-grad,9,Widowed,Adm-clerical,Not-in-family,White,Female,0,0,35,United-States,1,0.025067765,0,False Negative
41,Private,145441,HS-grad,9,Married-civ-spouse,Machine-op-inspct,Husband,White,Male,0,0,40,United-States,1,0.26861405,0,False Negative
62,Private,97017,Some-college,10,Married-civ-spouse,Craft-repair,Husband,White,Male,0,0,45,United-States,0,0.4139529,1,False Positive
51,Self-emp-not-inc,78631,Some-college,10,Married-civ-spouse,Exec-managerial,Husband,Amer-Indian-Eskimo,Male,0,0,60,United-States,0,0.36306608,1,False Positive
32,Self-emp-not-inc,116508,Some-college,10,Married-civ-spouse,Farming-fishing,Husband,White,Male,0,0,50,United-States,1,0.17587194,0,False Negative
46,Private,164379,Bachelors,13,Divorced,Sales,Unmarried,Black,Female,0,0,35,United-States,1,0.09106079,0,False Negative
49,Self-emp-not-inc,211762,HS-grad,9,Married-civ-spouse,Craft-repair,Husband,White,Male,0,0,40,United-States,1,0.29185808,0,False Negative
38,Private,152307,Bachelors,13,Never-married,Prof-specialty,Not-in-family,White,Male,0,0,41,United-States,1,0.19150105,0,False Negative
34,Private,153942,Assoc-voc,11,Married-civ-spouse,Sales,Husband,White,Male,0,0,40,United-States,0,0.41141295,1,False Positive
47,Private,114882,Assoc-voc,11,Married-civ-spouse,Transport-moving,Husband,White,Male,0,0,40,United-States,0,0.46541128,1,False Positive
49,Private,166789,HS-grad,9,Married-civ-spouse,Adm-clerical,Husband,White,Male,0,0,40,United-States,0,0.41781855,1,False Positive
47,State-gov,263215,Bachelors,13,Married-civ-spouse,Adm-clerical,Husband,White,Male,0,0,80,United-States,0,0.6660343,1,False Positive
40,Private,85995,10th,6,Married-civ-spouse,Machine-op-inspct,Husband,White,Male,0,0,40,United-States,1,0.068353646,0,False Negative
47,Private,178341,10th,6,Married-civ-spouse,Machine-op-inspct,Husband,White,Male,0,0,46,United-States,1,0.13340984,0,False Negative
33,Private,193042,HS-grad,9,Married-civ-spouse,Transport-moving,Husband,White,Male,0,0,60,United-States,1,0.3384499,0,False Negative
43,Private,216685,HS-grad,9,Married-civ-spouse,Prof-specialty,Wife,White,Female,0,0,35,United-States,0,0.48002645,1,False Positive
31,Local-gov,168906,Assoc-acdm,12,Married-civ-spouse,Adm-clerical,Wife,White,Female,0,0,35,United-States,0,0.515851,1,False Positive
55,Private,191367,HS-grad,9,Married-civ-spouse,Sales,Husband,White,Male,0,0,40,United-States,0,0.37831497,1,False Positive
45,Private,167159,Bachelors,13,Married-civ-spouse,Craft-repair,Husband,White,Male,0,0,40,United-States,0,0.6483273,1,False Positive
33,State-gov,209768,Doctorate,16,Never-married,Prof-specialty,Not-in-family,White,Male,0,0,40,United-States,0,0.4040135,1,False Positive
51,Self-emp-inc,119570,Bachelors,13,Married-civ-spouse,Craft-repair,Husband,White,Male,0,0,50,United-States,0,0.6935443,1,False Positive
36,Private,138441,Assoc-acdm,12,Married-civ-spouse,Tech-support,Husband,White,Male,0,0,55,United-States,0,0.58290005,1,False Positive
43,Private,248094,HS-grad,9,Married-civ-spouse,Machine-op-inspct,Husband,White,Male,0,0,44,United-States,1,0.28997293,0,False Negative
36,Private,224531,HS-grad,9,Married-civ-spouse,Craft-repair,Husband,White,Male,0,0,40,Poland,1,0.21847112,0,False Negative
48,Local-gov,144122,Masters,14,Divorced,Prof-specialty,Not-in-family,White,Female,0,0,40,United-States,1,0.18745723,0,False Negative
52,Private,48925,Some-college,10,Married-civ-spouse,Adm-clerical,Husband,White,Male,0,0,40,United-States,0,0.44352964,1,False Positive
29,Private,190777,Bachelors,13,Married-civ-spouse,Sales,Husband,White,Male,0,0,55,United-States,0,0.6145431,1,False Positive
57,Self-emp-not-inc,27385,Bachelors,13,Married-civ-spouse,Sales,Husband,White,Male,0,0,10,United-States,0,0.3772031,1,False Positive
44,Self-emp-not-inc,89172,Bachelors,13,Married-civ-spouse,Prof-specialty,Husband,White,Male,0,0,80,United-States,0,0.45549405,1,False Positive
49,Self-emp-not-inc,155862,HS-grad,9,Married-civ-spouse,Farming-fishing,Husband,White,Male,0,0,50,United-States,1,0.15935364,0,False Negative
48,Private,168556,HS-grad,9,Married-civ-spouse,Transport-moving,Husband,White,Male,0,0,55,United-States,0,0.5021106,1,False Positive
43,Private,180609,Bachelors,13,Married-civ-spouse,Transport-moving,Husband,White,Male,0,0,45,United-States,0,0.6016405,1,False Positive
42,Self-emp-not-inc,201522,Bachelors,13,Married-civ-spouse,Sales,Husband,White,Male,0,0,60,United-States,0,0.447173,1,False Positive
51,Private,279337,Some-college,10,Married-civ-spouse,Sales,Husband,White,Male,0,0,48,United-States,0,0.6063927,1,False Positive
57,Private,513440,Masters,14,Married-civ-spouse,Exec-managerial,Husband,White,Male,0,0,40,Mexico,0,0.7264968,1,False Positive
29,Private,199411,Assoc-voc,11,Married-civ-spouse,Prof-specialty,Husband,White,Male,0,0,40,United-States,1,0.30601782,0,False Negative
28,Private,184831,Some-college,10,Married-civ-spouse,Exec-managerial,Husband,White,Male,0,0,40,United-States,0,0.365254,1,False Positive
56,Private,92215,9th,5,Divorced,Craft-repair,Not-in-family,White,Female,0,0,40,United-States,1,0.014713287,0,False Negative
42,Private,141558,Masters,14,Married-civ-spouse,Prof-specialty,Husband,White,Male,0,0,60,United-States,0,0.69388556,1,False Positive
44,Private,321824,Doctorate,16,Married-civ-spouse,Prof-specialty,Husband,White,Male,0,0,20,United-States,0,0.5378987,1,False Positive
34,State-gov,238944,10th,6,Married-civ-spouse,Craft-repair,Husband,White,Male,0,0,40,United-States,1,0.043239973,0,False Negative
44,Self-emp-inc,121352,Some-college,10,Married-civ-spouse,Exec-managerial,Husband,White,Male,0,0,50,United-States,0,0.6789613,1,False Positive
32,Private,153353,HS-grad,9,Married-civ-spouse,Craft-repair,Husband,White,Male,0,0,40,United-States,1,0.19421346,0,False Negative
51,Self-emp-not-inc,181139,Some-college,10,Married-civ-spouse,Sales,Husband,White,Male,0,0,40,United-States,1,0.3245288,0,False Negative
33,Private,154227,Some-college,10,Married-civ-spouse,Machine-op-inspct,Husband,White,Male,0,0,40,United-States,1,0.24925402,0,False Negative
61,Self-emp-not-inc,227119,HS-grad,9,Married-civ-spouse,Exec-managerial,Husband,White,Male,0,0,40,United-States,1,0.2917437,0,False Negative
39,Self-emp-not-inc,190023,Bachelors,13,Married-civ-spouse,Sales,Husband,White,Male,0,0,60,United-States,0,0.47236806,1,False Positive
31,Private,188246,Some-college,10,Married-civ-spouse,Handlers-cleaners,Husband,White,Male,0,0,40,United-States,1,0.17168994,0,False Negative
39,Private,139057,Prof-school,15,Married-civ-spouse,Prof-specialty,Husband,Asian-Pac-Islander,Male,0,0,38,India,0,0.7604618,1,False Positive
57,Self-emp-not-inc,34297,7th-8th,4,Married-civ-spouse,Craft-repair,Husband,White,Male,0,0,40,United-States,1,0.09823151,0,False Negative
52,Private,443742,Some-college,10,Divorced,Exec-managerial,Not-in-family,White,Male,0,0,60,United-States,0,0.47288322,1,False Positive
42,Federal-gov,53727,HS-grad,9,Married-civ-spouse,Transport-moving,Husband,White,Male,0,0,40,,0,0.35857257,1,False Positive
43,Private,153489,Bachelors,13,Married-civ-spouse,Sales,Husband,White,Male,0,0,50,United-States,0,0.74558955,1,False Positive
57,Self-emp-not-inc,65080,HS-grad,9,Married-civ-spouse,Craft-repair,Husband,White,Male,0,0,50,United-States,1,0.30350474,0,False Negative
57,Self-emp-not-inc,247337,HS-grad,9,Married-civ-spouse,Sales,Husband,White,Male,0,0,72,United-States,0,0.35140142,1,False Positive
35,Private,224889,Bachelors,13,Married-civ-spouse,Sales,Husband,White,Male,0,0,40,United-States,0,0.6219874,1,False Positive
46,Private,325372,Some-college,10,Married-civ-spouse,Exec-managerial,Husband,White,Male,0,0,40,United-States,0,0.6943394,1,False Positive
50,Private,166565,HS-grad,9,Married-civ-spouse,Machine-op-inspct,Husband,White,Male,0,0,50,United-States,0,0.46136415,1,False Positive
60,,147393,Bachelors,13,Married-civ-spouse,,Husband,White,Male,0,0,30,United-States,0,0.4000025,1,False Positive
58,Private,212534,HS-grad,9,Married-civ-spouse,Craft-repair,Husband,White,Male,0,0,40,United-States,0,0.3640131,1,False Positive
59,Private,59469,Masters,14,Married-civ-spouse,Tech-support,Husband,White,Male,0,0,40,Iran,0,0.7289785,1,False Positive
52,Federal-gov,35546,HS-grad,9,Married-civ-spouse,Tech-support,Husband,White,Male,0,0,40,United-States,0,0.51079416,1,False Positive
40,Private,203761,HS-grad,9,Married-civ-spouse,Machine-op-inspct,Husband,White,Male,0,0,40,United-States,1,0.28774345,0,False Negative
37,State-gov,160910,Doctorate,16,Married-civ-spouse,Prof-specialty,Husband,White,Male,0,0,45,United-States,0,0.82825494,1,False Positive
36,Private,66173,Assoc-acdm,12,Married-civ-spouse,Sales,Wife,White,Female,0,0,15,United-States,0,0.37367794,1,False Positive
46,Private,117502,HS-grad,9,Married-civ-spouse,Adm-clerical,Wife,White,Female,0,0,40,United-States,0,0.5008817,1,False Positive
50,Self-emp-not-inc,89737,Some-college,10,Married-civ-spouse,Craft-repair,Husband,White,Male,0,0,48,United-States,0,0.36648405,1,False Positive
46,Private,32825,HS-grad,9,Married-civ-spouse,Transport-moving,Husband,White,Male,0,0,60,United-States,0,0.40574086,1,False Positive
50,Local-gov,220640,Masters,14,Divorced,Prof-specialty,Not-in-family,Amer-Indian-Eskimo,Female,0,0,50,United-States,1,0.28696,0,False Negative
28,Private,160731,HS-grad,9,Married-civ-spouse,Craft-repair,Husband,White,Male,0,0,40,Poland,1,0.12880592,0,False Negative
43,State-gov,52849,Bachelors,13,Married-civ-spouse,Prof-specialty,Husband,White,Male,0,0,40,United-States,0,0.59689105,1,False Positive
41,Private,165815,HS-grad,9,Married-civ-spouse,Craft-repair,Husband,White,Male,0,0,40,United-States,1,0.3149433,0,False Negative
36,State-gov,89508,Prof-school,15,Never-married,Prof-specialty,Not-in-family,White,Male,0,0,40,United-States,0,0.39527893,1,False Positive
64,,143716,Masters,14,Married-civ-spouse,,Husband,White,Male,0,0,2,United-States,0,0.37189117,1,False Positive
33,Private,44623,HS-grad,9,Married-civ-spouse,Exec-managerial,Husband,White,Male,0,0,45,United-States,0,0.35049096,1,False Positive
45,Private,231672,HS-grad,9,Married-civ-spouse,Machine-op-inspct,Husband,Black,Male,0,0,40,United-States,0,0.3806017,1,False Positive
50,Private,149784,Some-college,10,Married-civ-spouse,Craft-repair,Husband,White,Male,0,0,40,United-States,0,0.49930537,1,False Positive
34,Private,107793,HS-grad,9,Married-civ-spouse,Craft-repair,Husband,White,Male,0,0,40,Germany,1,0.1668437,0,False Negative
51,Private,541755,HS-grad,9,Married-civ-spouse,Craft-repair,Husband,White,Male,0,0,40,United-States,0,0.40277198,1,False Positive
42,Private,188693,Some-college,10,Married-civ-spouse,Craft-repair,Husband,White,Male,0,0,40,United-States,0,0.4339452,1,False Positive
31,Private,97723,Assoc-acdm,12,Married-civ-spouse,Craft-repair,Husband,White,Male,0,0,40,United-States,1,0.30377173,0,False Negative
37,Private,152307,Some-college,10,Married-civ-spouse,Machine-op-inspct,Husband,White,Male,0,0,40,United-States,1,0.328995,0,False Negative
36,Self-emp-inc,102729,Assoc-acdm,12,Married-civ-spouse,Prof-specialty,Husband,White,Male,0,0,70,United-States,0,0.5082734,1,False Positive
59,Self-emp-not-inc,181070,HS-grad,9,Married-civ-spouse,Sales,Husband,White,Male,0,0,40,England,1,0.26954105,0,False Negative
42,Private,115085,HS-grad,9,Married-civ-spouse,Adm-clerical,Husband,White,Male,0,0,50,United-States,0,0.39665505,1,False Positive
52,Private,287454,Bachelors,13,Divorced,Prof-specialty,Unmarried,White,Female,0,0,40,United-States,1,0.107508,0,False Negative
40,Self-emp-not-inc,57233,Assoc-voc,11,Married-civ-spouse,Exec-managerial,Husband,White,Male,0,0,40,United-States,1,0.26871133,0,False Negative
32,Self-emp-inc,103078,Bachelors,13,Married-civ-spouse,Sales,Husband,White,Male,0,0,40,United-States,0,0.6462505,1,False Positive
57,Private,186202,HS-grad,9,Married-civ-spouse,Craft-repair,Husband,White,Male,0,0,40,United-States,0,0.3523542,1,False Positive
41,Private,180572,Bachelors,13,Divorced,Prof-specialty,Not-in-family,White,Female,0,0,50,United-States,1,0.3013645,0,False Negative
66,Private,298834,Some-college,10,Married-civ-spouse,Protective-serv,Husband,White,Male,0,0,40,Canada,0,0.40758148,1,False Positive
51,Federal-gov,335481,Some-college,10,Separated,Prof-specialty,Not-in-family,Black,Female,0,0,40,United-States,1,0.08596585,0,False Negative
36,Private,126675,Bachelors,13,Married-civ-spouse,Craft-repair,Husband,White,Male,0,0,35,United-States,0,0.49601173,1,False Positive
39,Private,86551,HS-grad,9,Married-civ-spouse,Other-service,Husband,White,Male,0,0,40,United-States,1,0.10253693,0,False Negative
45,State-gov,53768,Masters,14,Divorced,Exec-managerial,Not-in-family,White,Female,0,0,70,United-States,0,0.4950253,1,False Positive
44,Self-emp-not-inc,483201,Bachelors,13,Married-civ-spouse,Exec-managerial,Husband,White,Male,0,0,40,United-States,0,0.56698936,1,False Positive
33,Private,399531,Bachelors,13,Married-civ-spouse,Craft-repair,Husband,Black,Male,0,0,40,United-States,0,0.45090386,1,False Positive
31,Private,179673,HS-grad,9,Married-civ-spouse,Machine-op-inspct,Husband,White,Male,0,0,40,United-States,1,0.18158877,0,False Negative
59,Self-emp-not-inc,178353,HS-grad,9,Married-civ-spouse,Exec-managerial,Husband,White,Male,0,0,50,United-States,1,0.33684108,0,False Negative
45,Self-emp-not-inc,26781,Some-college,10,Married-civ-spouse,Exec-managerial,Husband,Amer-Indian-Eskimo,Male,0,0,40,United-States,0,0.47373506,1,False Positive
48,Private,198000,Some-college,10,Never-married,Craft-repair,Unmarried,White,Female,0,0,38,United-States,1,0.028846778,0,False Negative
45,Private,195918,HS-grad,9,Married-civ-spouse,Sales,Husband,White,Male,0,0,60,United-States,0,0.50737214,1,False Positive
51,Private,204322,Assoc-voc,11,Married-civ-spouse,Handlers-cleaners,Husband,White,Male,0,0,40,United-States,1,0.25816512,0,False Negative
58,Self-emp-not-inc,194733,Some-college,10,Married-civ-spouse,Prof-specialty,Husband,White,Male,0,0,45,United-States,0,0.41722178,1,False Positive
54,Private,171924,Bachelors,13,Married-civ-spouse,Tech-support,Husband,White,Male,0,0,48,United-States,0,0.75573045,1,False Positive
46,Private,343579,Bachelors,13,Married-civ-spouse,Craft-repair,Husband,White,Male,0,0,77,United-States,0,0.7097618,1,False Positive
38,Private,144860,HS-grad,9,Married-civ-spouse,Craft-repair,Husband,White,Male,0,0,65,United-States,0,0.37221378,1,False Positive
31,Local-gov,226525,Bachelors,13,Married-civ-spouse,Craft-repair,Husband,White,Male,0,0,51,United-States,0,0.5194346,1,False Positive
37,Self-emp-not-inc,126675,HS-grad,9,Married-civ-spouse,Farming-fishing,Husband,White,Male,0,0,60,United-States,1,0.14249238,0,False Negative
55,Private,172642,HS-grad,9,Married-civ-spouse,Transport-moving,Husband,White,Male,0,0,40,United-States,0,0.35350487,1,False Positive
22,Private,401451,Some-college,10,Married-civ-spouse,Transport-moving,Husband,White,Male,0,0,48,United-States,1,0.075140275,0,False Negative
45,Local-gov,206459,Masters,14,Married-civ-spouse,Adm-clerical,Husband,White,Male,0,0,35,United-States,0,0.6691981,1,False Positive
37,Private,66686,HS-grad,9,Married-civ-spouse,Transport-moving,Husband,White,Male,0,0,40,United-States,1,0.22754534,0,False Negative
41,Private,45366,HS-grad,9,Married-civ-spouse,Craft-repair,Husband,White,Male,0,0,72,United-States,1,0.33460256,0,False Negative
48,Private,240629,HS-grad,9,Married-civ-spouse,Craft-repair,Husband,White,Male,0,0,40,Italy,1,0.3157245,0,False Negative
27,Private,409246,HS-grad,9,Married-civ-spouse,Farming-fishing,Husband,White,Male,0,0,40,United-States,1,0.072687745,0,False Negative
38,Private,204527,HS-grad,9,Married-civ-spouse,Craft-repair,Husband,White,Male,0,0,50,United-States,0,0.37676778,1,False Positive
27,Private,300783,Some-college,10,Married-civ-spouse,Sales,Wife,White,Female,0,0,42,United-States,1,0.2638744,0,False Negative
34,Private,294064,Masters,14,Married-civ-spouse,Exec-managerial,Husband,White,Male,0,0,50,France,0,0.8532137,1,False Positive
42,Local-gov,222596,HS-grad,9,Married-civ-spouse,Craft-repair,Husband,White,Male,0,0,40,United-States,1,0.30705777,0,False Negative
51,Private,261207,HS-grad,9,Married-civ-spouse,Other-service,Husband,White,Male,0,0,40,Cuba,1,0.16085702,0,False Negative
35,Private,209609,HS-grad,9,Married-civ-spouse,Transport-moving,Husband,White,Male,0,0,60,United-States,0,0.3795958,1,False Positive
57,Private,166107,HS-grad,9,Married-civ-spouse,Adm-clerical,Wife,Asian-Pac-Islander,Female,0,0,40,,0,0.40266472,1,False Positive
46,Private,44671,Bachelors,13,Married-civ-spouse,Protective-serv,Husband,White,Male,0,0,40,United-States,0,0.62497973,1,False Positive
48,Self-emp-not-inc,175622,Assoc-voc,11,Married-civ-spouse,Craft-repair,Husband,White,Male,0,0,40,United-States,1,0.3153393,0,False Negative
26,Federal-gov,206983,Prof-school,15,Married-civ-spouse,Prof-specialty,Husband,White,Male,0,0,60,Columbia,0,0.4202631,1,False Positive
56,Local-gov,212864,HS-grad,9,Married-civ-spouse,Transport-moving,Husband,White,Male,0,0,40,United-States,1,0.34887254,0,False Negative
63,Private,28334,Masters,14,Divorced,Exec-managerial,Not-in-family,White,Female,0,0,40,United-States,1,0.2732131,0,False Negative
40,Private,32798,HS-grad,9,Married-civ-spouse,Craft-repair,Wife,White,Female,0,0,45,United-States,0,0.37229177,1,False Positive
62,,266037,Some-college,10,Married-civ-spouse,,Husband,White,Male,0,0,40,United-States,0,0.42861143,1,False Positive
58,Local-gov,185072,Bachelors,13,Separated,Prof-specialty,Unmarried,Black,Female,0,0,40,Jamaica,1,0.12288976,0,False Negative
60,Private,250552,HS-grad,9,Married-civ-spouse,Other-service,Husband,White,Male,0,0,40,United-States,1,0.114775464,0,False Negative
35,Private,323120,Assoc-acdm,12,Never-married,Machine-op-inspct,Not-in-family,White,Female,0,0,44,United-States,1,0.023151357,0,False Negative
56,Private,192869,HS-grad,9,Married-civ-spouse,Machine-op-inspct,Husband,White,Male,0,0,40,United-States,1,0.2834137,0,False Negative
38,Local-gov,193026,HS-grad,9,Married-civ-spouse,Craft-repair,Husband,White,Male,0,0,50,United-States,1,0.33064383,0,False Negative
33,Self-emp-not-inc,105229,Bachelors,13,Married-civ-spouse,Exec-managerial,Husband,White,Male,0,0,40,United-States,0,0.5143455,1,False Positive
29,Private,217424,Masters,14,Never-married,Exec-managerial,Not-in-family,White,Female,0,0,50,United-States,1,0.32168266,0,False Negative
52,Private,320877,HS-grad,9,Married-civ-spouse,Machine-op-inspct,Husband,Black,Male,0,0,40,United-States,1,0.2540387,0,False Negative
43,Federal-gov,222756,Masters,14,Married-civ-spouse,Craft-repair,Husband,White,Male,0,0,40,United-States,0,0.76659507,1,False Positive
36,Federal-gov,184556,Bachelors,13,Married-civ-spouse,Exec-managerial,Wife,White,Female,0,0,40,United-States,0,0.7912724,1,False Positive
26,Private,112754,Assoc-voc,11,Married-civ-spouse,Craft-repair,Husband,White,Male,0,0,65,United-States,1,0.21004215,0,False Negative
38,Private,470663,Bachelors,13,Never-married,Exec-managerial,Not-in-family,White,Male,0,0,50,United-States,0,0.417497,1,False Positive
27,Self-emp-not-inc,259873,HS-grad,9,Married-civ-spouse,Other-service,Husband,Black,Male,0,0,60,United-States,1,0.11934638,0,False Negative
36,Private,211022,Assoc-voc,11,Divorced,Prof-specialty,Not-in-family,White,Male,0,0,40,United-States,1,0.09612935,0,False Negative
56,Private,100285,Some-college,10,Married-civ-spouse,Tech-support,Husband,White,Male,0,0,45,United-States,0,0.5593621,1,False Positive
45,Private,120724,Masters,14,Married-civ-spouse,Exec-managerial,Husband,White,Male,4386,0,40,United-States,0,0.92501014,1,False Positive
58,Private,56392,Some-college,10,Married-civ-spouse,Sales,Husband,White,Male,0,0,40,United-States,0,0.4358009,1,False Positive
43,Private,331649,Bachelors,13,Married-civ-spouse,Transport-moving,Husband,White,Male,0,0,45,United-States,0,0.6147794,1,False Positive
61,Local-gov,321117,HS-grad,9,Married-civ-spouse,Protective-serv,Husband,White,Male,0,0,40,United-States,0,0.3931295,1,False Positive
43,Private,161226,Bachelors,13,Married-civ-spouse,Machine-op-inspct,Husband,Amer-Indian-Eskimo,Male,0,0,40,United-States,0,0.48365438,1,False Positive
36,Self-emp-not-inc,147258,Assoc-voc,11,Married-civ-spouse,Farming-fishing,Husband,White,Male,0,0,60,United-States,1,0.18880434,0,False Negative
37,Private,48093,Bachelors,13,Never-married,Craft-repair,Not-in-family,White,Male,0,0,90,United-States,1,0.22159956,0,False Negative
44,Private,57233,Some-college,10,Married-civ-spouse,Prof-specialty,Husband,White,Male,0,0,45,United-States,0,0.4488982,1,False Positive
57,Private,477867,HS-grad,9,Married-civ-spouse,Transport-moving,Husband,White,Male,0,0,40,United-States,0,0.36849853,1,False Positive
31,Private,137978,Bachelors,13,Married-civ-spouse,Exec-managerial,Husband,White,Male,0,0,40,United-States,0,0.69680464,1,False Positive
27,Self-emp-inc,217848,12th,8,Married-civ-spouse,Adm-clerical,Husband,White,Male,0,0,40,United-States,1,0.1214381,0,False Negative
48,Private,168462,HS-grad,9,Married-civ-spouse,Transport-moving,Husband,White,Male,0,0,40,United-States,0,0.3999531,1,False Positive
40,Self-emp-inc,92036,Bachelors,13,Married-civ-spouse,Craft-repair,Husband,White,Male,0,0,40,United-States,0,0.57398105,1,False Positive
58,Federal-gov,75867,HS-grad,9,Married-civ-spouse,Tech-support,Husband,White,Male,0,0,40,United-States,0,0.50847626,1,False Positive
42,State-gov,436006,Some-college,10,Married-civ-spouse,Adm-clerical,Husband,Black,Male,0,0,40,United-States,0,0.46287328,1,False Positive
41,Private,310255,HS-grad,9,Married-civ-spouse,Sales,Husband,White,Male,0,0,40,United-States,0,0.37315255,1,False Positive
48,Private,155489,Some-college,10,Divorced,Prof-specialty,Not-in-family,White,Male,0,0,40,United-States,1,0.19289857,0,False Negative
51,Private,30008,HS-grad,9,Married-civ-spouse,Transport-moving,Husband,White,Male,0,0,60,United-States,0,0.4718034,1,False Positive
43,Federal-gov,175669,Some-college,10,Married-civ-spouse,Adm-clerical,Wife,White,Female,0,0,40,United-States,0,0.75499535,1,False Positive
50,Local-gov,370733,HS-grad,9,Married-civ-spouse,Adm-clerical,Husband,Black,Male,0,0,40,United-States,0,0.4132142,1,False Positive
58,Private,118303,HS-grad,9,Widowed,Sales,Not-in-family,White,Female,0,0,35,United-States,1,0.028072856,0,False Negative
42,Self-emp-not-inc,193882,HS-grad,9,Married-civ-spouse,Prof-specialty,Husband,White,Male,0,0,50,United-States,1,0.34056616,0,False Negative
43,Private,85995,HS-grad,9,Married-civ-spouse,Sales,Husband,White,Male,0,0,45,United-States,0,0.36441955,1,False Positive
41,Local-gov,67671,Masters,14,Married-civ-spouse,Prof-specialty,Husband,White,Male,0,0,50,United-States,0,0.6549633,1,False Positive
33,Private,267404,HS-grad,9,Married-civ-spouse,Craft-repair,Wife,White,Female,0,0,40,United-States,0,0.37099072,1,False Positive
48,Private,277946,HS-grad,9,Married-civ-spouse,Craft-repair,Husband,White,Male,0,0,40,United-States,0,0.35414433,1,False Positive
53,State-gov,71417,Doctorate,16,Married-civ-spouse,Prof-specialty,Husband,White,Male,0,0,40,United-States,0,0.8731018,1,False Positive
37,Private,79586,Bachelors,13,Married-civ-spouse,Exec-managerial,Husband,Asian-Pac-Islander,Male,0,0,40,Iran,0,0.68864316,1,False Positive
42,Private,342865,HS-grad,9,Married-civ-spouse,Sales,Husband,White,Male,0,0,40,United-States,0,0.36090812,1,False Positive
37,Private,171968,Assoc-voc,11,Married-civ-spouse,Adm-clerical,Husband,White,Male,0,0,40,United-States,0,0.39765674,1,False Positive
38,Federal-gov,236648,HS-grad,9,Married-civ-spouse,Craft-repair,Husband,White,Male,0,0,40,United-States,0,0.46766052,1,False Positive
66,Private,147766,HS-grad,9,Married-civ-spouse,Craft-repair,Husband,White,Male,0,0,40,United-States,1,0.23518066,0,False Negative
27,Local-gov,34254,Bachelors,13,Married-civ-spouse,Protective-serv,Husband,White,Male,0,0,40,United-States,0,0.45216224,1,False Positive
56,Self-emp-not-inc,62539,11th,7,Widowed,Other-service,Unmarried,White,Female,0,0,65,Greece,1,0.025155567,0,False Negative
49,Private,218676,Some-college,10,Married-civ-spouse,Machine-op-inspct,Husband,White,Male,0,0,43,United-States,0,0.44962835,1,False Positive
30,Private,209768,Assoc-voc,11,Married-civ-spouse,Machine-op-inspct,Husband,White,Male,0,0,40,United-States,1,0.25741255,0,False Negative
72,,31327,Bachelors,13,Married-civ-spouse,,Husband,White,Male,0,0,20,United-States,1,0.17250033,0,False Negative
55,Local-gov,219074,Some-college,10,Divorced,Adm-clerical,Not-in-family,Black,Female,0,0,55,United-States,1,0.07699134,0,False Negative
49,Private,125892,HS-grad,9,Married-civ-spouse,Sales,Husband,White,Male,0,0,40,United-States,0,0.4372498,1,False Positive
45,State-gov,319666,Prof-school,15,Divorced,Prof-specialty,Unmarried,White,Female,0,0,43,United-States,0,0.40275854,1,False Positive
44,Private,173682,Some-college,10,Married-civ-spouse,Transport-moving,Husband,White,Male,0,0,40,United-States,0,0.39553225,1,False Positive
44,Private,112507,Some-college,10,Married-civ-spouse,Sales,Husband,White,Male,0,0,40,United-States,0,0.44232497,1,False Positive
37,Private,186434,HS-grad,9,Married-civ-spouse,Other-service,Husband,Black,Male,0,0,40,United-States,1,0.08377246,0,False Negative
37,Private,333305,Doctorate,16,Married-civ-spouse,Prof-specialty,Wife,White,Female,0,0,35,United-States,0,0.81876606,1,False Positive
35,Private,322171,Some-college,10,Married-civ-spouse,Other-service,Wife,White,Female,0,0,40,United-States,1,0.26577365,0,False Negative
38,Self-emp-not-inc,185325,HS-grad,9,Married-civ-spouse,Handlers-cleaners,Husband,White,Male,0,0,40,United-States,1,0.15695024,0,False Negative
46,Private,187510,10th,6,Married-civ-spouse,Machine-op-inspct,Husband,White,Male,0,0,40,United-States,1,0.089266546,0,False Negative
39,Self-emp-not-inc,140752,HS-grad,9,Married-civ-spouse,Sales,Husband,White,Male,0,0,50,United-States,1,0.300049,0,False Negative
43,Local-gov,180572,Bachelors,13,Never-married,Prof-specialty,Not-in-family,White,Female,0,0,40,United-States,1,0.12188019,0,False Negative
73,Private,26248,7th-8th,4,Married-civ-spouse,Sales,Husband,White,Male,0,0,30,United-States,1,0.098315455,0,False Negative
57,Federal-gov,199114,Bachelors,13,Never-married,Adm-clerical,Not-in-family,White,Male,0,2258,40,United-States,0,0.3575822,1,False Positive
24,Private,359828,Bachelors,13,Married-civ-spouse,Prof-specialty,Husband,White,Male,0,0,44,United-States,1,0.24913415,0,False Negative
36,Private,296478,HS-grad,9,Married-civ-spouse,Sales,Husband,White,Male,0,0,40,United-States,1,0.28426617,0,False Negative
39,Private,165848,HS-grad,9,Married-civ-spouse,Sales,Husband,White,Male,0,0,50,United-States,0,0.4285369,1,False Positive
60,Private,137344,Some-college,10,Married-civ-spouse,Sales,Husband,White,Male,0,0,40,United-States,0,0.42704403,1,False Positive
31,Private,45604,HS-grad,9,Married-civ-spouse,Exec-managerial,Husband,White,Male,0,0,54,United-States,0,0.3978879,1,False Positive
36,Self-emp-not-inc,34180,HS-grad,9,Never-married,Farming-fishing,Not-in-family,White,Male,0,0,70,United-States,1,0.04797317,0,False Negative
71,Private,187493,HS-grad,9,Married-civ-spouse,Protective-serv,Husband,White,Male,0,0,40,United-States,1,0.18187702,0,False Negative
40,Private,138975,HS-grad,9,Married-civ-spouse,Craft-repair,Husband,White,Male,0,0,56,United-States,0,0.43068892,1,False Positive
44,Private,177905,Some-college,10,Divorced,Machine-op-inspct,Unmarried,White,Male,0,0,58,United-States,1,0.11303047,0,False Negative
51,Private,183390,HS-grad,9,Married-civ-spouse,Transport-moving,Husband,White,Male,0,0,40,United-States,0,0.388626,1,False Positive
41,Private,57233,Bachelors,13,Married-civ-spouse,Sales,Husband,White,Male,0,0,70,United-States,0,0.62415767,1,False Positive
44,Private,191814,Some-college,10,Married-civ-spouse,Craft-repair,Husband,White,Male,0,0,45,United-States,0,0.48515952,1,False Positive
45,Private,59287,Bachelors,13,Married-civ-spouse,Exec-managerial,Husband,White,Male,0,0,40,United-States,0,0.69036573,1,False Positive
40,Private,77975,Some-college,10,Married-civ-spouse,Exec-managerial,Husband,White,Male,0,0,40,United-States,0,0.5221701,1,False Positive
55,Private,113912,Assoc-voc,11,Married-civ-spouse,Prof-specialty,Wife,White,Female,0,0,20,United-States,0,0.39355236,1,False Positive
38,Private,99065,Bachelors,13,Never-married,Adm-clerical,Not-in-family,White,Female,0,0,50,United-States,1,0.11896278,0,False Negative
47,Private,216999,Bachelors,13,Married-civ-spouse,Exec-managerial,Husband,White,Male,0,0,50,United-States,0,0.8341288,1,False Positive
29,Private,337953,HS-grad,9,Married-civ-spouse,Sales,Husband,White,Male,0,0,40,United-States,1,0.18824388,0,False Negative
27,Private,168107,Bachelors,13,Married-civ-spouse,Craft-repair,Husband,White,Male,0,0,40,United-States,0,0.3794984,1,False Positive
38,Private,133935,HS-grad,9,Married-civ-spouse,Craft-repair,Husband,White,Male,0,0,41,El-Salvador,1,0.26141363,0,False Negative
34,Private,196385,Assoc-voc,11,Married-civ-spouse,Exec-managerial,Husband,White,Male,0,0,40,United-States,0,0.49459487,1,False Positive
48,Private,265192,HS-grad,9,Married-civ-spouse,Craft-repair,Husband,White,Male,0,0,45,United-States,0,0.43774948,1,False Positive
60,,141580,Masters,14,Married-civ-spouse,,Husband,White,Male,0,0,40,United-States,0,0.72067934,1,False Positive
33,Self-emp-inc,239018,Doctorate,16,Married-civ-spouse,Prof-specialty,Husband,White,Male,0,0,60,United-States,0,0.80261254,1,False Positive
55,Private,127677,Some-college,10,Married-civ-spouse,Transport-moving,Husband,White,Male,0,0,60,United-States,0,0.5113707,1,False Positive
48,Private,332465,Bachelors,13,Married-civ-spouse,Prof-specialty,Husband,White,Male,0,0,35,United-States,0,0.67800397,1,False Positive
51,Private,196828,Some-college,10,Divorced,Sales,Not-in-family,White,Female,0,0,38,United-States,1,0.043524925,0,False Negative
46,Private,90758,Masters,14,Never-married,Tech-support,Not-in-family,White,Male,0,0,35,United-States,1,0.09533474,0,False Negative
55,Self-emp-not-inc,183580,Masters,14,Divorced,Exec-managerial,Not-in-family,White,Male,0,0,45,United-States,0,0.47633797,1,False Positive
41,Private,172712,Bachelors,13,Divorced,Tech-support,Unmarried,White,Female,0,0,40,United-States,1,0.08117267,0,False Negative
31,Private,73585,Assoc-voc,11,Married-civ-spouse,Prof-specialty,Husband,White,Male,0,0,45,United-States,0,0.35103455,1,False Positive
47,Private,192776,Bachelors,13,Married-civ-spouse,Prof-specialty,Husband,White,Male,0,0,50,United-States,0,0.7547634,1,False Positive
42,Local-gov,340148,Some-college,10,Married-civ-spouse,Adm-clerical,Wife,White,Female,0,0,40,United-States,0,0.64169973,1,False Positive
47,Private,215686,HS-grad,9,Married-civ-spouse,Craft-repair,Husband,Black,Male,0,0,50,United-States,0,0.5231896,1,False Positive
38,Local-gov,188612,Some-college,10,Married-civ-spouse,Craft-repair,Husband,White,Male,0,0,45,United-States,0,0.39975804,1,False Positive
56,Private,343849,Some-college,10,Married-civ-spouse,Transport-moving,Husband,Black,Male,0,0,40,United-States,0,0.4630837,1,False Positive
58,,242670,Some-college,10,Married-civ-spouse,,Wife,White,Female,0,0,20,United-States,0,0.3658291,1,False Positive
53,Local-gov,182677,Bachelors,13,Married-civ-spouse,Protective-serv,Husband,Asian-Pac-Islander,Male,0,0,50,Philippines,0,0.81043464,1,False Positive
47,Private,211239,Some-college,10,Married-civ-spouse,Craft-repair,Husband,White,Male,0,0,40,United-States,0,0.4997418,1,False Positive
43,Private,55294,Some-college,10,Married-civ-spouse,Craft-repair,Husband,White,Male,0,0,40,United-States,0,0.38244107,1,False Positive
47,Private,91972,HS-grad,9,Married-civ-spouse,Priv-house-serv,Wife,White,Female,0,0,35,United-States,1,0.25141525,0,False Negative
62,Private,217434,Bachelors,13,Married-civ-spouse,Sales,Husband,White,Male,0,0,40,United-States,0,0.64888847,1,False Positive
47,Private,298130,HS-grad,9,Married-civ-spouse,Sales,Husband,White,Male,0,0,40,United-States,0,0.3815687,1,False Positive
30,Private,209103,Assoc-voc,11,Married-civ-spouse,Exec-managerial,Husband,White,Male,0,0,48,United-States,0,0.5743177,1,False Positive
33,Private,513977,Some-college,10,Married-civ-spouse,Tech-support,Husband,Black,Male,0,0,40,United-States,0,0.36000615,1,False Positive
29,Private,126060,HS-grad,9,Married-civ-spouse,Sales,Wife,White,Female,0,0,40,United-States,1,0.24920236,0,False Negative
32,Self-emp-not-inc,134737,Bachelors,13,Married-civ-spouse,Machine-op-inspct,Husband,White,Male,0,0,70,United-States,1,0.29981583,0,False Negative
41,State-gov,176155,Assoc-voc,11,Married-civ-spouse,Tech-support,Husband,White,Male,0,0,40,United-States,0,0.46781042,1,False Positive
72,Local-gov,144515,Doctorate,16,Married-civ-spouse,Exec-managerial,Husband,White,Male,0,1258,40,United-States,0,0.62194717,1,False Positive
53,Self-emp-inc,137815,Some-college,10,Widowed,Exec-managerial,Not-in-family,White,Male,0,0,40,United-States,1,0.2423755,0,False Negative
37,Self-emp-inc,175360,HS-grad,9,Married-civ-spouse,Craft-repair,Husband,White,Male,0,0,40,United-States,1,0.3101109,0,False Negative
62,State-gov,213700,Doctorate,16,Divorced,Prof-specialty,Not-in-family,White,Male,0,0,50,United-States,0,0.54324263,1,False Positive
68,Self-emp-not-inc,69249,HS-grad,9,Married-civ-spouse,Farming-fishing,Husband,White,Male,0,0,50,United-States,1,0.10321574,0,False Negative
43,Private,245056,HS-grad,9,Married-civ-spouse,Adm-clerical,Husband,Black,Male,0,0,40,United-States,1,0.2919145,0,False Negative
47,Self-emp-not-inc,121124,5th-6th,3,Married-civ-spouse,Sales,Husband,White,Male,0,0,55,Italy,1,0.1415821,0,False Negative
38,State-gov,318886,Bachelors,13,Married-civ-spouse,Protective-serv,Husband,Black,Male,0,0,52,United-States,0,0.5595329,1,False Positive
39,Private,113151,Bachelors,13,Married-civ-spouse,Sales,Husband,White,Male,0,0,55,United-States,0,0.67460835,1,False Positive
32,Private,207301,Some-college,10,Married-civ-spouse,Sales,Wife,White,Female,0,0,40,United-States,0,0.44324955,1,False Positive
34,Private,142989,Bachelors,13,Married-civ-spouse,Prof-specialty,Husband,White,Male,0,0,40,United-States,0,0.6653804,1,False Positive
59,Private,95165,Doctorate,16,Married-civ-spouse,Sales,Husband,White,Male,0,0,40,United-States,0,0.8261609,1,False Positive
55,Private,349910,HS-grad,9,Married-civ-spouse,Farming-fishing,Husband,White,Male,0,0,45,United-States,1,0.17536928,0,False Negative
66,Self-emp-not-inc,67765,11th,7,Widowed,Exec-managerial,Not-in-family,White,Female,0,0,84,United-States,1,0.07272087,0,False Negative
42,Private,334783,HS-grad,9,Married-civ-spouse,Prof-specialty,Wife,White,Female,0,0,40,United-States,0,0.51051533,1,False Positive
57,Self-emp-not-inc,24473,Assoc-voc,11,Married-civ-spouse,Craft-repair,Husband,White,Male,0,0,40,United-States,1,0.30952218,0,False Negative
54,Self-emp-not-inc,71344,Masters,14,Divorced,Prof-specialty,Not-in-family,White,Male,0,0,50,United-States,1,0.26571882,0,False Negative
52,Private,228516,Some-college,10,Married-civ-spouse,Other-service,Husband,White,Male,0,0,35,United-States,1,0.24337307,0,False Negative
42,Private,230624,10th,6,Never-married,Transport-moving,Unmarried,White,Male,0,0,40,United-States,1,0.016871586,0,False Negative
37,Private,177420,HS-grad,9,Married-civ-spouse,Handlers-cleaners,Husband,Black,Male,0,0,40,United-States,1,0.15198523,0,False Negative
56,,154537,Some-college,10,Divorced,,Unmarried,White,Female,0,0,50,United-States,1,0.1242103,0,False Negative
50,Private,211654,10th,6,Married-civ-spouse,Craft-repair,Husband,White,Male,0,0,40,United-States,1,0.10604725,0,False Negative
42,Private,287244,HS-grad,9,Married-civ-spouse,Craft-repair,Husband,White,Male,0,0,55,United-States,0,0.40962425,1,False Positive
57,Private,64960,Assoc-voc,11,Married-civ-spouse,Prof-specialty,Husband,White,Male,0,1902,45,United-States,0,0.95854455,1,False Positive
50,Private,392668,Some-college,10,Married-civ-spouse,Machine-op-inspct,Husband,White,Male,4386,0,40,United-States,0,0.9116529,1,False Positive
32,Private,123253,Assoc-acdm,12,Married-civ-spouse,Craft-repair,Husband,White,Male,0,0,42,United-States,0,0.37411812,1,False Positive
55,Self-emp-not-inc,145574,HS-grad,9,Divorced,Exec-managerial,Not-in-family,White,Male,34095,0,60,United-States,0,0.99364084,1,False Positive
23,Local-gov,197918,Some-college,10,Never-married,Protective-serv,Own-child,White,Male,0,0,40,United-States,1,0.009057593,0,False Negative
36,Local-gov,187411,Masters,14,Never-married,Prof-specialty,Not-in-family,White,Male,0,0,50,United-States,1,0.2231357,0,False Negative
55,Private,150507,Some-college,10,Married-civ-spouse,Adm-clerical,Husband,White,Male,0,0,40,United-States,0,0.46925533,1,False Positive
31,Private,441949,Some-college,10,Married-civ-spouse,Tech-support,Husband,White,Male,0,0,40,Mexico,1,0.1780719,0,False Negative
25,Local-gov,58065,Bachelors,13,Married-civ-spouse,Prof-specialty,Wife,White,Female,0,0,50,United-States,0,0.39275134,1,False Positive
23,Private,65481,HS-grad,9,Married-civ-spouse,Machine-op-inspct,Wife,White,Female,0,0,40,United-States,1,0.015504389,0,False Negative
57,Private,84888,HS-grad,9,Married-civ-spouse,Transport-moving,Husband,White,Male,0,0,50,United-States,0,0.3733243,1,False Positive
41,State-gov,73199,Bachelors,13,Married-civ-spouse,Exec-managerial,Husband,Asian-Pac-Islander,Male,0,0,40,United-States,0,0.6392529,1,False Positive
43,Private,133584,Some-college,10,Married-civ-spouse,Machine-op-inspct,Husband,White,Male,0,0,40,United-States,0,0.3608059,1,False Positive
42,Private,245626,HS-grad,9,Married-civ-spouse,Craft-repair,Husband,Amer-Indian-Eskimo,Male,0,0,60,United-States,0,0.384496,1,False Positive
68,Private,165017,HS-grad,9,Married-civ-spouse,Prof-specialty,Husband,White,Male,0,0,40,Italy,1,0.19407909,0,False Negative
59,Private,99131,Masters,14,Widowed,Exec-managerial,Not-in-family,White,Female,0,0,40,United-States,1,0.30611357,0,False Negative
34,Self-emp-not-inc,345705,HS-grad,9,Never-married,Craft-repair,Not-in-family,White,Male,0,0,45,United-States,1,0.06405777,0,False Negative
54,Private,146834,Some-college,10,Married-civ-spouse,Sales,Husband,White,Male,0,0,40,United-States,0,0.5245714,1,False Positive
38,Private,139364,Bachelors,13,Never-married,Adm-clerical,Not-in-family,White,Male,0,0,40,United-States,1,0.06418396,0,False Negative
35,Private,340428,Bachelors,13,Never-married,Sales,Unmarried,White,Female,0,0,40,United-States,1,0.058787398,0,False Negative
50,Private,151580,Assoc-acdm,12,Married-civ-spouse,Craft-repair,Husband,White,Male,0,0,45,United-States,0,0.55659235,1,False Positive
56,Private,231232,Bachelors,13,Married-civ-spouse,Adm-clerical,Husband,White,Male,0,0,30,Canada,0,0.503547,1,False Positive
21,Private,227307,HS-grad,9,Married-civ-spouse,Adm-clerical,Wife,White,Female,0,0,43,United-States,1,0.026228879,0,False Negative
29,Private,306420,HS-grad,9,Married-civ-spouse,Craft-repair,Husband,White,Male,0,0,45,United-States,1,0.22983442,0,False Negative
30,Local-gov,200892,Masters,14,Married-civ-spouse,Prof-specialty,Husband,White,Male,0,0,40,United-States,0,0.59583586,1,False Positive
31,Private,32406,Some-college,10,Married-civ-spouse,Exec-managerial,Wife,White,Female,0,0,40,United-States,0,0.5161575,1,False Positive
55,Private,205759,Doctorate,16,Never-married,Prof-specialty,Not-in-family,White,Male,0,0,40,United-States,0,0.54993373,1,False Positive
58,,53481,Bachelors,13,Married-civ-spouse,,Husband,White,Male,0,0,70,United-States,0,0.6338381,1,False Positive
50,Private,30447,Assoc-voc,11,Married-civ-spouse,Transport-moving,Husband,White,Male,0,0,45,United-States,0,0.52394134,1,False Positive
32,Private,157747,Some-college,10,Married-civ-spouse,Prof-specialty,Husband,White,Male,0,0,40,United-States,0,0.37054396,1,False Positive
36,Private,209609,Bachelors,13,Married-civ-spouse,Prof-specialty,Husband,White,Male,0,0,38,United-States,0,0.66806,1,False Positive
38,Private,278403,Bachelors,13,Married-civ-spouse,Adm-clerical,Husband,White,Male,0,0,48,United-States,0,0.66735446,1,False Positive
43,Private,161240,Assoc-voc,11,Married-civ-spouse,Craft-repair,Husband,White,Male,0,0,60,United-States,0,0.49125388,1,False Positive
47,Local-gov,55237,Some-college,10,Married-civ-spouse,Protective-serv,Husband,White,Male,0,0,44,United-States,0,0.5759124,1,False Positive
31,Private,198513,Some-college,10,Married-civ-spouse,Adm-clerical,Wife,White,Female,0,0,40,United-States,0,0.43446678,1,False Positive
70,Self-emp-inc,223275,Bachelors,13,Married-civ-spouse,Exec-managerial,Husband,White,Male,0,0,40,United-States,0,0.5770202,1,False Positive
31,Private,124483,Masters,14,Never-married,Adm-clerical,Not-in-family,Asian-Pac-Islander,Male,0,0,60,India,1,0.13938677,0,False Negative
34,Private,107624,Some-college,10,Married-civ-spouse,Craft-repair,Husband,White,Male,0,0,50,United-States,0,0.4139178,1,False Positive
64,Private,73413,HS-grad,9,Married-civ-spouse,Sales,Husband,White,Male,0,0,50,United-States,0,0.38620865,1,False Positive
39,Private,225544,Masters,14,Married-civ-spouse,Transport-moving,Husband,White,Male,0,0,40,Poland,0,0.5519203,1,False Positive
54,Private,145548,HS-grad,9,Married-civ-spouse,Craft-repair,Husband,White,Male,0,0,40,United-States,0,0.40220192,1,False Positive
44,Private,171484,10th,6,Married-civ-spouse,Machine-op-inspct,Husband,White,Male,0,0,40,United-States,1,0.080591425,0,False Negative
29,Private,200511,Bachelors,13,Married-civ-spouse,Sales,Husband,White,Male,0,0,50,United-States,0,0.645465,1,False Positive
33,Private,189368,Some-college,10,Married-civ-spouse,Transport-moving,Husband,Black,Male,0,0,40,United-States,1,0.22265568,0,False Negative
38,Federal-gov,137953,HS-grad,9,Married-civ-spouse,Adm-clerical,Husband,White,Male,0,0,45,United-States,0,0.57414746,1,False Positive
45,Private,338105,Some-college,10,Married-civ-spouse,Craft-repair,Husband,Asian-Pac-Islander,Male,0,0,40,Vietnam,0,0.4726887,1,False Positive
29,Private,446559,Assoc-acdm,12,Married-civ-spouse,Exec-managerial,Wife,White,Female,0,0,50,United-States,0,0.72504854,1,False Positive
42,Self-emp-not-inc,103980,Assoc-voc,11,Married-civ-spouse,Prof-specialty,Husband,White,Male,0,0,50,United-States,0,0.39638078,1,False Positive
38,Private,66686,Assoc-voc,11,Married-civ-spouse,Machine-op-inspct,Husband,White,Male,0,0,40,United-States,1,0.2803777,0,False Negative
37,Private,203079,Bachelors,13,Widowed,Exec-managerial,Not-in-family,White,Female,0,0,55,United-States,0,0.49771416,1,False Positive
31,Private,188246,Assoc-acdm,12,Divorced,Craft-repair,Not-in-family,White,Male,0,0,50,United-States,1,0.097122274,0,False Negative
36,Federal-gov,210945,Some-college,10,Married-civ-spouse,Adm-clerical,Husband,White,Male,0,0,70,United-States,0,0.5067317,1,False Positive
43,Private,320277,Bachelors,13,Married-civ-spouse,Exec-managerial,Husband,White,Male,0,0,40,United-States,0,0.80082947,1,False Positive
39,Private,444219,HS-grad,9,Married-civ-spouse,Craft-repair,Wife,Black,Female,0,0,45,United-States,0,0.39164644,1,False Positive
32,Private,94041,Bachelors,13,Never-married,Exec-managerial,Not-in-family,White,Male,0,0,40,United-States,1,0.09546169,0,False Negative
28,Self-emp-not-inc,190836,HS-grad,9,Married-civ-spouse,Sales,Husband,White,Male,0,0,50,United-States,1,0.17863013,0,False Negative
35,Private,292185,Bachelors,13,Married-civ-spouse,Adm-clerical,Husband,White,Male,0,0,40,United-States,0,0.5604441,1,False Positive
36,Private,172425,HS-grad,9,Married-spouse-absent,Prof-specialty,Unmarried,White,Female,0,0,40,United-States,1,0.02548033,0,False Negative
58,Private,65325,10th,6,Married-civ-spouse,Transport-moving,Husband,White,Male,0,0,40,United-States,1,0.17630264,0,False Negative
64,Federal-gov,267546,Assoc-acdm,12,Separated,Prof-specialty,Not-in-family,White,Female,0,0,40,United-States,1,0.13173804,0,False Negative
41,State-gov,33474,Bachelors,13,Married-civ-spouse,Prof-specialty,Husband,White,Male,0,0,50,United-States,0,0.64464855,1,False Positive
43,Private,210844,Bachelors,13,Divorced,Exec-managerial,Not-in-family,Black,Female,0,0,40,United-States,1,0.12818271,0,False Negative
51,Private,200618,Bachelors,13,Married-civ-spouse,Prof-specialty,Husband,White,Male,0,0,40,United-States,0,0.7054729,1,False Positive
55,Private,401473,Masters,14,Widowed,Exec-managerial,Not-in-family,White,Female,0,0,40,United-States,1,0.30666178,0,False Negative
29,Private,412435,HS-grad,9,Married-civ-spouse,Exec-managerial,Wife,White,Female,0,0,40,Outlying-US(Guam-USVI-etc),0,0.39526263,1,False Positive
34,Private,136331,HS-grad,9,Married-civ-spouse,Transport-moving,Husband,White,Male,0,0,60,United-States,0,0.36241725,1,False Positive
33,Local-gov,368675,Some-college,10,Married-civ-spouse,Protective-serv,Husband,White,Male,0,0,40,United-States,0,0.475483,1,False Positive
41,Federal-gov,192589,Bachelors,13,Married-civ-spouse,Adm-clerical,Husband,White,Male,0,0,40,United-States,0,0.68949085,1,False Positive
66,Self-emp-inc,220543,HS-grad,9,Married-civ-spouse,Adm-clerical,Wife,White,Female,0,0,40,United-States,1,0.34067044,0,False Negative
43,Private,198282,HS-grad,9,Married-civ-spouse,Craft-repair,Husband,White,Male,0,0,40,United-States,1,0.3290269,0,False Negative
44,Private,180599,HS-grad,9,Never-married,Craft-repair,Own-child,White,Male,0,0,40,United-States,1,0.018066933,0,False Negative
45,Private,79646,Some-college,10,Married-civ-spouse,Transport-moving,Husband,White,Male,0,0,70,United-States,0,0.45036682,1,False Positive
47,Self-emp-inc,127678,Some-college,10,Married-civ-spouse,Sales,Husband,White,Male,0,0,80,United-States,0,0.62327075,1,False Positive
32,Private,116539,Some-college,10,Married-civ-spouse,Craft-repair,Husband,White,Male,0,0,40,United-States,1,0.25902963,0,False Negative
24,State-gov,197731,HS-grad,9,Married-civ-spouse,Transport-moving,Husband,White,Male,0,0,49,United-States,1,0.08821056,0,False Negative
53,Private,103931,Some-college,10,Married-civ-spouse,Prof-specialty,Husband,White,Male,0,0,40,United-States,0,0.51557654,1,False Positive
36,Private,307134,Bachelors,13,Married-civ-spouse,Prof-specialty,Husband,White,Male,0,0,42,United-States,0,0.69865954,1,False Positive
44,Private,79531,HS-grad,9,Married-civ-spouse,Craft-repair,Husband,White,Male,0,0,45,United-States,0,0.35921308,1,False Positive
29,Private,188675,Some-college,10,Married-civ-spouse,Craft-repair,Husband,Black,Male,0,0,40,Jamaica,1,0.16434157,0,False Negative
27,Local-gov,157449,HS-grad,9,Married-civ-spouse,Tech-support,Husband,White,Male,0,0,50,United-States,1,0.22386526,0,False Negative
32,Private,309513,Assoc-acdm,12,Married-civ-spouse,Craft-repair,Husband,White,Male,0,0,40,United-States,0,0.37692252,1,False Positive
30,Private,30101,Some-college,10,Married-civ-spouse,Craft-repair,Husband,White,Male,0,0,40,United-States,1,0.23446096,0,False Negative
59,Self-emp-not-inc,165867,Bachelors,13,Married-civ-spouse,Exec-managerial,Husband,White,Male,0,0,25,United-States,0,0.41444746,1,False Positive
42,Private,95998,Bachelors,13,Divorced,Exec-managerial,Not-in-family,White,Male,0,0,45,United-States,0,0.3839568,1,False Positive
53,Private,110747,HS-grad,9,Married-civ-spouse,Craft-repair,Husband,White,Male,0,0,40,United-States,0,0.3721213,1,False Positive
58,Private,158002,Some-college,10,Married-civ-spouse,Sales,Husband,Black,Male,0,0,40,United-States,0,0.48365644,1,False Positive
31,Private,167319,Bachelors,13,Married-civ-spouse,Exec-managerial,Husband,White,Male,0,0,40,United-States,0,0.6779485,1,False Positive
59,Self-emp-inc,155259,Some-college,10,Married-civ-spouse,Exec-managerial,Wife,White,Female,0,0,20,United-States,0,0.63740337,1,False Positive
46,Private,138626,Some-college,10,Married-civ-spouse,Craft-repair,Husband,White,Male,0,0,40,United-States,0,0.4908248,1,False Positive
44,Local-gov,101967,Masters,14,Married-civ-spouse,Prof-specialty,Wife,White,Female,0,0,40,United-States,0,0.76821166,1,False Positive
31,Private,178615,Bachelors,13,Married-civ-spouse,Prof-specialty,Husband,White,Male,0,0,40,United-States,0,0.6201476,1,False Positive
40,Private,208277,Some-college,10,Divorced,Adm-clerical,Own-child,White,Female,0,0,44,United-States,1,0.031891707,0,False Negative
36,Self-emp-not-inc,165855,Bachelors,13,Married-civ-spouse,Sales,Husband,White,Male,0,0,40,Germany,0,0.48279914,1,False Positive
50,Private,23686,Some-college,10,Married-civ-spouse,Adm-clerical,Other-relative,White,Female,0,0,35,United-States,1,0.25587392,0,False Negative
42,Self-emp-not-inc,99185,Some-college,10,Married-civ-spouse,Exec-managerial,Husband,White,Male,0,0,40,United-States,1,0.29001796,0,False Negative
47,Private,73394,Some-college,10,Married-civ-spouse,Exec-managerial,Wife,White,Female,0,0,50,United-States,0,0.5642329,1,False Positive
29,Private,119793,7th-8th,4,Married-civ-spouse,Craft-repair,Husband,White,Male,0,0,40,Portugal,1,0.03693813,0,False Negative
43,Private,115178,Bachelors,13,Divorced,Prof-specialty,Unmarried,White,Female,0,0,43,United-States,1,0.11815164,0,False Negative
30,Self-emp-not-inc,176185,Some-college,10,Married-spouse-absent,Craft-repair,Own-child,White,Male,0,0,60,United-States,1,0.058248337,0,False Negative
51,Private,92463,HS-grad,9,Married-civ-spouse,Adm-clerical,Husband,White,Male,0,0,40,United-States,0,0.35033175,1,False Positive
39,State-gov,179668,Some-college,10,Married-civ-spouse,Protective-serv,Husband,White,Male,0,0,70,United-States,0,0.40642348,1,False Positive
30,Self-emp-not-inc,116666,Masters,14,Divorced,Prof-specialty,Not-in-family,Asian-Pac-Islander,Male,0,0,50,India,1,0.20731138,0,False Negative
48,Self-emp-inc,250674,Assoc-voc,11,Married-civ-spouse,Craft-repair,Husband,White,Male,0,0,60,United-States,0,0.5500698,1,False Positive
64,Local-gov,244903,11th,7,Married-civ-spouse,Craft-repair,Husband,Black,Male,0,0,40,United-States,1,0.09826827,0,False Negative
44,Local-gov,145178,HS-grad,9,Married-civ-spouse,Other-service,Wife,Black,Female,0,0,38,Jamaica,1,0.13019471,0,False Negative
51,Private,177669,Some-college,10,Married-civ-spouse,Sales,Husband,White,Male,0,0,60,United-States,0,0.6239519,1,False Positive
48,Local-gov,148549,Bachelors,13,Married-civ-spouse,Prof-specialty,Husband,White,Male,0,0,40,United-States,0,0.72012424,1,False Positive
30,Private,111567,Some-college,10,Married-civ-spouse,Craft-repair,Husband,White,Male,0,0,40,United-States,1,0.24889976,0,False Negative
43,Private,50356,Some-college,10,Married-civ-spouse,Craft-repair,Husband,White,Male,0,1485,50,United-States,0,0.53575844,1,False Positive
48,Private,198000,Bachelors,13,Never-married,Sales,Other-relative,White,Female,0,0,38,United-States,1,0.06664599,0,False Negative
59,Private,424468,HS-grad,9,Married-civ-spouse,Craft-repair,Husband,White,Male,0,0,40,,0,0.3877466,1,False Positive
36,State-gov,25806,Doctorate,16,Married-civ-spouse,Prof-specialty,Husband,Asian-Pac-Islander,Male,0,0,40,China,0,0.6454356,1,False Positive
45,Private,192053,Bachelors,13,Married-civ-spouse,Craft-repair,Husband,White,Male,0,0,50,United-States,0,0.68849224,1,False Positive
30,Federal-gov,54684,Prof-school,15,Never-married,Exec-managerial,Not-in-family,White,Male,0,0,55,,0,0.500439,1,False Positive
48,Private,199763,HS-grad,9,Married-civ-spouse,Prof-specialty,Wife,White,Female,0,0,8,United-States,0,0.36185077,1,False Positive
37,Private,152909,Some-college,10,Married-civ-spouse,Exec-managerial,Husband,White,Male,0,0,60,United-States,0,0.67217577,1,False Positive
60,Self-emp-not-inc,376973,HS-grad,9,Married-civ-spouse,Craft-repair,Husband,White,Male,0,0,42,United-States,1,0.28665853,0,False Negative
66,Self-emp-not-inc,34218,HS-grad,9,Married-civ-spouse,Transport-moving,Husband,White,Male,0,0,50,United-States,1,0.23314546,0,False Negative
24,Local-gov,354351,HS-grad,9,Married-civ-spouse,Craft-repair,Husband,White,Male,0,0,60,United-States,1,0.15074703,0,False Negative
31,Private,101562,Bachelors,13,Never-married,Sales,Not-in-family,White,Female,0,0,50,United-States,1,0.2109243,0,False Negative
36,Private,357619,Bachelors,13,Married-civ-spouse,Exec-managerial,Wife,White,Female,0,0,60,Germany,0,0.83081377,1,False Positive
30,Private,34574,Masters,14,Married-civ-spouse,Prof-specialty,Husband,White,Male,0,0,50,United-States,0,0.5886143,1,False Positive
34,Private,112115,Bachelors,13,Never-married,Prof-specialty,Not-in-family,White,Male,0,0,40,United-States,1,0.13393769,0,False Negative
66,Private,205724,Some-college,10,Married-civ-spouse,Sales,Husband,White,Male,0,0,24,United-States,1,0.15800682,0,False Negative
44,Private,279183,Some-college,10,Married-civ-spouse,Other-service,Own-child,White,Female,0,0,40,United-States,1,0.06205036,0,False Negative
41,Private,242089,Masters,14,Married-civ-spouse,Exec-managerial,Husband,White,Male,0,0,45,United-States,0,0.8158865,1,False Positive
36,Private,54229,Assoc-acdm,12,Married-civ-spouse,Exec-managerial,Wife,White,Female,0,0,37,United-States,0,0.61499625,1,False Positive
24,Private,188505,Bachelors,13,Married-AF-spouse,Prof-specialty,Wife,White,Female,0,0,40,United-States,1,0.056743767,0,False Negative
34,Private,27494,HS-grad,9,Divorced,Craft-repair,Not-in-family,Amer-Indian-Eskimo,Male,0,0,48,United-States,1,0.05477279,0,False Negative
77,State-gov,267799,Doctorate,16,Married-spouse-absent,Prof-specialty,Not-in-family,White,Male,0,0,4,United-States,1,0.081939995,0,False Negative
27,,180553,HS-grad,9,Married-civ-spouse,,Wife,White,Female,0,0,40,United-States,1,0.20767568,0,False Negative
55,Self-emp-not-inc,170166,Bachelors,13,Married-civ-spouse,Exec-managerial,Wife,White,Female,0,0,25,United-States,0,0.47952527,1,False Positive
51,Self-emp-not-inc,168539,Assoc-acdm,12,Married-civ-spouse,Exec-managerial,Husband,White,Male,0,0,40,United-States,0,0.44116125,1,False Positive
47,Private,140664,Bachelors,13,Divorced,Sales,Not-in-family,White,Male,0,0,45,United-States,0,0.41957155,1,False Positive
30,Local-gov,181091,Bachelors,13,Married-civ-spouse,Protective-serv,Husband,White,Male,0,0,40,United-States,0,0.66840214,1,False Positive
38,Self-emp-inc,116608,Some-college,10,Married-civ-spouse,Other-service,Wife,White,Female,0,0,20,United-States,1,0.21091618,0,False Negative
77,Self-emp-inc,29702,HS-grad,9,Married-civ-spouse,Other-service,Husband,White,Male,0,0,35,United-States,1,0.13003011,0,False Negative
26,Private,210714,HS-grad,9,Married-civ-spouse,Transport-moving,Husband,White,Male,0,0,52,United-States,1,0.18030132,0,False Negative
30,Private,370183,HS-grad,9,Married-civ-spouse,Tech-support,Husband,White,Male,0,0,40,United-States,0,0.38157657,1,False Positive
29,Private,243660,HS-grad,9,Married-civ-spouse,Machine-op-inspct,Husband,White,Male,0,0,50,United-States,1,0.1613178,0,False Negative
44,Private,34722,Some-college,10,Married-civ-spouse,Sales,Husband,White,Male,0,0,55,United-States,0,0.45750326,1,False Positive
32,Private,155151,HS-grad,9,Married-civ-spouse,Craft-repair,Husband,White,Male,0,0,55,United-States,0,0.36375356,1,False Positive
51,,117847,HS-grad,9,Married-civ-spouse,,Husband,White,Male,0,0,99,United-States,0,0.45408,1,False Positive
37,Private,415500,Some-college,10,Married-civ-spouse,Machine-op-inspct,Husband,Black,Male,0,0,40,United-States,1,0.33487105,0,False Negative
46,Private,107737,Some-college,10,Married-civ-spouse,Sales,Husband,White,Male,0,0,40,United-States,0,0.48389778,1,False Positive
55,Private,289257,Some-college,10,Married-civ-spouse,Craft-repair,Husband,White,Male,0,0,40,United-States,0,0.43369734,1,False Positive
61,Private,29059,HS-grad,9,Divorced,Sales,Unmarried,White,Female,0,2754,25,United-States,0,0.36928117,1,False Positive
39,Private,164866,HS-grad,9,Married-civ-spouse,Machine-op-inspct,Husband,White,Male,0,0,42,United-States,1,0.29630905,0,False Negative
47,Private,280030,HS-grad,9,Married-civ-spouse,Craft-repair,Husband,White,Male,0,0,52,United-States,0,0.51271707,1,False Positive
59,Local-gov,286967,HS-grad,9,Married-civ-spouse,Transport-moving,Husband,White,Male,0,0,45,United-States,0,0.3592302,1,False Positive
34,Private,236861,HS-grad,9,Married-civ-spouse,Tech-support,Husband,White,Male,0,0,40,United-States,1,0.33099085,0,False Negative
40,Private,130760,HS-grad,9,Married-civ-spouse,Exec-managerial,Husband,White,Male,0,0,42,United-States,0,0.5197779,1,False Positive
54,Local-gov,286342,Masters,14,Never-married,Prof-specialty,Not-in-family,White,Female,0,0,32,United-States,1,0.08363329,0,False Negative
46,Private,117059,Assoc-voc,11,Married-civ-spouse,Transport-moving,Husband,Amer-Indian-Eskimo,Male,0,0,60,United-States,0,0.4684308,1,False Positive
62,Local-gov,176839,Masters,14,Married-civ-spouse,Prof-specialty,Husband,White,Male,0,0,10,United-States,0,0.37083673,1,False Positive
50,Private,158948,HS-grad,9,Married-civ-spouse,Prof-specialty,Husband,White,Male,0,0,84,United-States,0,0.52228343,1,False Positive
38,Private,43712,HS-grad,9,Married-civ-spouse,Adm-clerical,Husband,White,Male,0,0,55,United-States,0,0.3538955,1,False Positive
58,Self-emp-not-inc,143731,HS-grad,9,Married-civ-spouse,Sales,Husband,White,Male,0,0,72,United-States,1,0.3137487,0,False Negative
44,Self-emp-not-inc,234885,HS-grad,9,Married-civ-spouse,Sales,Wife,White,Female,0,0,40,United-States,1,0.34270725,0,False Negative
44,Private,171615,HS-grad,9,Married-civ-spouse,Transport-moving,Husband,White,Male,0,0,45,United-States,0,0.35159853,1,False Positive
34,Self-emp-not-inc,182714,Bachelors,13,Never-married,Prof-specialty,Not-in-family,White,Female,0,0,55,United-States,1,0.21197066,0,False Negative
33,Private,265168,Bachelors,13,Married-civ-spouse,Sales,Husband,Black,Male,0,0,55,United-States,0,0.5704586,1,False Positive
60,Private,216690,Some-college,10,Married-civ-spouse,Prof-specialty,Husband,White,Male,0,0,40,,0,0.44997787,1,False Positive
44,Self-emp-inc,64632,Doctorate,16,Married-civ-spouse,Prof-specialty,Husband,White,Male,0,0,60,United-States,0,0.80590343,1,False Positive
52,Private,176134,HS-grad,9,Married-civ-spouse,Machine-op-inspct,Husband,Black,Male,0,0,48,United-States,0,0.4161935,1,False Positive
40,Private,178983,HS-grad,9,Married-civ-spouse,Adm-clerical,Wife,White,Female,0,0,30,United-States,1,0.34247804,0,False Negative
43,Private,309932,Bachelors,13,Married-civ-spouse,Craft-repair,Husband,White,Male,0,0,40,United-States,0,0.6496398,1,False Positive
28,Private,108706,HS-grad,9,Married-civ-spouse,Tech-support,Wife,White,Female,0,0,40,United-States,1,0.29560164,0,False Negative
30,Private,190385,Bachelors,13,Married-civ-spouse,Other-service,Wife,White,Female,0,0,40,United-States,1,0.32375076,0,False Negative
54,Self-emp-not-inc,226497,Some-college,10,Married-civ-spouse,Sales,Husband,White,Male,0,0,50,United-States,0,0.4318698,1,False Positive
41,Private,166813,Some-college,10,Married-civ-spouse,Sales,Husband,White,Male,0,0,55,United-States,0,0.55730724,1,False Positive
47,,308242,HS-grad,9,Married-civ-spouse,,Husband,White,Male,0,0,40,United-States,0,0.41417977,1,False Positive
33,State-gov,425785,Assoc-voc,11,Married-civ-spouse,Prof-specialty,Husband,White,Male,0,0,40,United-States,0,0.4115916,1,False Positive
38,Private,75826,Prof-school,15,Married-civ-spouse,Prof-specialty,Wife,White,Female,0,0,40,United-States,0,0.82869714,1,False Positive
48,Private,193775,Bachelors,13,Divorced,Adm-clerical,Own-child,White,Male,0,0,38,United-States,1,0.1016527,0,False Negative
45,Private,118889,Assoc-voc,11,Married-civ-spouse,Craft-repair,Husband,White,Male,0,0,40,United-States,0,0.49806464,1,False Positive
46,Private,250821,Prof-school,15,Divorced,Farming-fishing,Unmarried,White,Male,0,0,48,United-States,0,0.47551134,1,False Positive
60,,164730,Bachelors,13,Married-civ-spouse,,Husband,White,Male,0,0,40,United-States,0,0.62995124,1,False Positive
47,Private,145041,HS-grad,9,Married-civ-spouse,Machine-op-inspct,Husband,White,Male,0,0,40,Cuba,1,0.33612636,0,False Negative
45,Self-emp-not-inc,149640,Prof-school,15,Never-married,Prof-specialty,Not-in-family,White,Male,0,0,30,United-States,1,0.34959385,0,False Negative
63,Private,133144,HS-grad,9,Married-civ-spouse,Prof-specialty,Husband,White,Male,0,0,45,United-States,0,0.40538937,1,False Positive
30,Local-gov,326104,HS-grad,9,Married-civ-spouse,Protective-serv,Husband,White,Male,0,0,40,United-States,1,0.31719923,0,False Negative
32,Private,226443,HS-grad,9,Married-civ-spouse,Craft-repair,Husband,White,Male,0,0,40,United-States,1,0.20416972,0,False Negative
32,Private,265638,Some-college,10,Married-civ-spouse,Protective-serv,Husband,Black,Male,0,0,60,United-States,0,0.371822,1,False Positive
52,Self-emp-inc,561489,Masters,14,Divorced,Exec-managerial,Not-in-family,Black,Female,0,0,50,United-States,0,0.66498536,1,False Positive
41,Self-emp-inc,397280,Bachelors,13,Married-civ-spouse,Exec-managerial,Husband,White,Male,0,0,72,,0,0.75585836,1,False Positive
37,Local-gov,264503,HS-grad,9,Married-civ-spouse,Protective-serv,Husband,White,Male,0,0,40,United-States,0,0.4152086,1,False Positive
45,Private,187901,HS-grad,9,Divorced,Farming-fishing,Not-in-family,White,Male,0,2258,44,United-States,1,0.2429475,0,False Negative
28,Private,302903,Bachelors,13,Married-civ-spouse,Prof-specialty,Wife,Asian-Pac-Islander,Female,0,1485,40,United-States,0,0.6641147,1,False Positive
52,Private,101752,Assoc-voc,11,Married-civ-spouse,Transport-moving,Husband,White,Male,0,0,56,United-States,0,0.56340486,1,False Positive
36,Self-emp-not-inc,48585,Some-college,10,Married-civ-spouse,Prof-specialty,Wife,White,Female,0,0,4,United-States,0,0.3674906,1,False Positive
33,Self-emp-not-inc,249249,5th-6th,3,Married-civ-spouse,Craft-repair,Husband,White,Male,0,0,50,United-States,1,0.04841504,0,False Negative
48,State-gov,54985,Bachelors,13,Married-civ-spouse,Prof-specialty,Husband,White,Male,0,0,40,United-States,0,0.6401411,1,False Positive
38,Self-emp-inc,199346,Some-college,10,Married-civ-spouse,Exec-managerial,Wife,White,Female,0,0,45,United-States,0,0.64761394,1,False Positive
43,Self-emp-inc,170785,Some-college,10,Married-civ-spouse,Sales,Husband,White,Male,0,0,55,United-States,0,0.579547,1,False Positive
46,Private,224559,HS-grad,9,Married-civ-spouse,Transport-moving,Husband,Black,Male,0,0,40,United-States,1,0.31991166,0,False Negative
56,Federal-gov,101338,Bachelors,13,Married-civ-spouse,Sales,Husband,White,Male,0,0,40,United-States,0,0.7165528,1,False Positive
90,Private,227796,Assoc-acdm,12,Never-married,Exec-managerial,Not-in-family,White,Male,6097,0,45,United-States,1,0.2251546,0,False Negative
34,Private,532379,Some-college,10,Married-civ-spouse,Craft-repair,Husband,White,Male,0,0,40,United-States,0,0.3886993,1,False Positive
30,Private,345705,Some-college,10,Married-civ-spouse,Exec-managerial,Other-relative,White,Male,0,0,40,United-States,0,0.4117175,1,False Positive
37,Private,67433,HS-grad,9,Married-civ-spouse,Adm-clerical,Wife,White,Female,0,0,40,United-States,1,0.34739363,0,False Negative
33,Private,202051,Masters,14,Married-civ-spouse,Prof-specialty,Husband,White,Male,0,0,50,United-States,0,0.67152035,1,False Positive
39,Private,185624,Some-college,10,Married-civ-spouse,Machine-op-inspct,Husband,White,Male,0,0,50,United-States,0,0.47483736,1,False Positive
53,Private,83434,Bachelors,13,Never-married,Other-service,Not-in-family,Asian-Pac-Islander,Female,0,0,21,Japan,1,0.020678738,0,False Negative
51,Private,257337,HS-grad,9,Married-civ-spouse,Transport-moving,Husband,White,Male,0,0,50,United-States,0,0.4807114,1,False Positive
61,,42938,Bachelors,13,Never-married,,Not-in-family,White,Male,0,0,7,United-States,1,0.044708356,0,False Negative
48,Private,109275,Some-college,10,Married-civ-spouse,Exec-managerial,Husband,White,Male,0,0,40,United-States,0,0.62872535,1,False Positive
47,Private,284907,HS-grad,9,Married-civ-spouse,Exec-managerial,Husband,White,Male,0,0,40,United-States,0,0.49290597,1,False Positive
48,Self-emp-not-inc,58683,Some-college,10,Married-civ-spouse,Sales,Husband,White,Male,0,0,70,United-States,1,0.31019628,0,False Negative
31,Private,223046,HS-grad,9,Married-civ-spouse,Transport-moving,Husband,White,Male,0,0,60,United-States,0,0.35652843,1,False Positive
43,Private,34278,Some-college,10,Married-civ-spouse,Sales,Husband,White,Male,0,0,35,United-States,0,0.39130306,1,False Positive
73,,191394,Prof-school,15,Married-civ-spouse,,Husband,White,Male,0,0,40,United-States,0,0.6710427,1,False Positive
57,Private,108741,HS-grad,9,Married-civ-spouse,Exec-managerial,Wife,White,Female,0,0,40,United-States,0,0.5239879,1,False Positive
32,Private,296466,HS-grad,9,Married-civ-spouse,Machine-op-inspct,Husband,White,Male,0,0,50,United-States,1,0.21075426,0,False Negative
55,Self-emp-inc,79662,HS-grad,9,Married-civ-spouse,Transport-moving,Husband,White,Male,0,0,60,United-States,0,0.40489358,1,False Positive
38,Private,289448,Masters,14,Never-married,Prof-specialty,Unmarried,Asian-Pac-Islander,Female,0,0,40,China,1,0.062572844,0,False Negative
50,Private,194231,Masters,14,Divorced,Sales,Not-in-family,White,Female,0,0,40,United-States,1,0.17575577,0,False Negative
48,Private,99127,Assoc-acdm,12,Married-civ-spouse,Transport-moving,Husband,White,Male,0,0,45,United-States,0,0.50177544,1,False Positive
36,Federal-gov,112847,Bachelors,13,Married-civ-spouse,Prof-specialty,Husband,Asian-Pac-Islander,Male,0,0,40,United-States,0,0.65861106,1,False Positive
31,Self-emp-inc,111567,Bachelors,13,Married-civ-spouse,Exec-managerial,Husband,White,Male,0,0,40,United-States,0,0.689807,1,False Positive
49,Private,23776,Some-college,10,Married-civ-spouse,Adm-clerical,Husband,White,Male,0,0,40,United-States,0,0.53000695,1,False Positive
56,,275943,Some-college,10,Married-civ-spouse,,Husband,White,Male,0,0,40,Nicaragua,0,0.47724032,1,False Positive
27,Private,183523,Some-college,10,Married-civ-spouse,Transport-moving,Husband,White,Male,0,0,40,United-States,1,0.16151685,0,False Negative
43,Private,339767,Some-college,10,Married-civ-spouse,Other-service,Wife,White,Female,0,0,20,England,1,0.122435495,0,False Negative
36,Private,331395,Assoc-voc,11,Married-civ-spouse,Exec-managerial,Husband,White,Male,0,0,40,United-States,0,0.5769925,1,False Positive
58,Federal-gov,243929,Bachelors,13,Never-married,Prof-specialty,Not-in-family,White,Male,0,0,48,United-States,0,0.3815532,1,False Positive
55,Private,199856,HS-grad,9,Married-civ-spouse,Sales,Wife,White,Female,0,0,50,United-States,0,0.3702009,1,False Positive
74,Self-emp-not-inc,104001,HS-grad,9,Married-civ-spouse,Sales,Husband,White,Male,0,0,40,United-States,1,0.21986246,0,False Negative
41,Federal-gov,106982,Some-college,10,Divorced,Prof-specialty,Unmarried,White,Female,0,0,40,United-States,1,0.06204907,0,False Negative
43,Federal-gov,56063,Bachelors,13,Married-civ-spouse,Sales,Husband,White,Male,0,0,60,United-States,0,0.6659285,1,False Positive
57,Private,134195,HS-grad,9,Married-civ-spouse,Sales,Husband,White,Male,0,0,40,United-States,0,0.39579704,1,False Positive
31,Private,34572,Bachelors,13,Married-civ-spouse,Sales,Husband,White,Male,0,0,55,United-States,0,0.53694487,1,False Positive
44,Local-gov,264016,Bachelors,13,Married-civ-spouse,Prof-specialty,Other-relative,Black,Female,0,0,40,United-States,0,0.35824233,1,False Positive
50,Private,175029,HS-grad,9,Married-civ-spouse,Handlers-cleaners,Husband,White,Male,0,0,40,United-States,1,0.32795218,0,False Negative
42,Private,243380,Masters,14,Divorced,Sales,Not-in-family,White,Male,0,0,50,United-States,0,0.47105882,1,False Positive
42,Private,413297,Some-college,10,Married-civ-spouse,Tech-support,Husband,White,Male,0,0,40,United-States,0,0.63779175,1,False Positive
22,Federal-gov,32950,Some-college,10,Married-civ-spouse,Sales,Husband,White,Male,0,1902,37,United-States,0,0.616172,1,False Positive
45,Private,297884,Bachelors,13,Divorced,Exec-managerial,Not-in-family,White,Male,0,0,40,United-States,1,0.21553075,0,False Negative
46,Private,186539,HS-grad,9,Divorced,Craft-repair,Other-relative,White,Male,0,0,48,United-States,1,0.058028407,0,False Negative
38,Self-emp-not-inc,423616,HS-grad,9,Married-civ-spouse,Sales,Wife,White,Female,0,0,24,United-States,1,0.20528659,0,False Negative
48,Self-emp-not-inc,383384,HS-grad,9,Married-civ-spouse,Craft-repair,Husband,White,Male,0,0,40,United-States,1,0.33219737,0,False Negative
49,Private,266150,HS-grad,9,Married-civ-spouse,Machine-op-inspct,Wife,White,Female,0,0,40,United-States,0,0.36153865,1,False Positive
41,Private,58484,Bachelors,13,Married-civ-spouse,Exec-managerial,Wife,White,Female,0,0,40,United-States,0,0.6946137,1,False Positive
52,Private,139347,HS-grad,9,Married-civ-spouse,Transport-moving,Wife,White,Female,0,0,40,United-States,0,0.4417296,1,False Positive
37,Private,239171,HS-grad,9,Married-civ-spouse,Craft-repair,Husband,White,Male,0,0,40,United-States,1,0.29266837,0,False Negative
56,Private,116878,5th-6th,3,Married-civ-spouse,Machine-op-inspct,Husband,White,Male,0,0,40,Portugal,1,0.053989556,0,False Negative
33,Private,361280,Doctorate,16,Married-civ-spouse,Tech-support,Husband,Asian-Pac-Islander,Male,0,0,40,Japan,0,0.5915501,1,False Positive
30,Self-emp-not-inc,437458,Some-college,10,Married-civ-spouse,Sales,Husband,White,Male,0,0,40,United-States,1,0.31701934,0,False Negative
51,Private,209912,Bachelors,13,Divorced,Exec-managerial,Not-in-family,Amer-Indian-Eskimo,Male,0,0,50,United-States,0,0.5788164,1,False Positive
29,Private,133136,12th,8,Married-civ-spouse,Transport-moving,Husband,White,Male,0,0,40,United-States,1,0.10524118,0,False Negative
52,Private,312446,HS-grad,9,Married-civ-spouse,Craft-repair,Husband,White,Male,0,0,40,United-States,0,0.38972482,1,False Positive
37,Self-emp-not-inc,338320,Masters,14,Never-married,Exec-managerial,Not-in-family,White,Male,0,0,60,United-States,0,0.46538255,1,False Positive
51,Private,194908,HS-grad,9,Married-civ-spouse,Adm-clerical,Wife,White,Female,0,0,40,United-States,0,0.4268625,1,False Positive
57,Private,233382,Masters,14,Never-married,Exec-managerial,Not-in-family,White,Male,0,0,40,Cuba,0,0.35015368,1,False Positive
33,Local-gov,154874,Some-college,10,Married-civ-spouse,Protective-serv,Husband,White,Male,0,0,40,United-States,0,0.4199456,1,False Positive
45,Self-emp-inc,271901,HS-grad,9,Married-civ-spouse,Sales,Husband,White,Male,0,0,32,United-States,1,0.20859575,0,False Negative
28,Self-emp-inc,142712,Some-college,10,Married-civ-spouse,Exec-managerial,Husband,White,Male,0,0,70,United-States,0,0.45460984,1,False Positive
48,Private,173938,HS-grad,9,Married-civ-spouse,Exec-managerial,Husband,White,Male,0,0,60,United-States,0,0.66458535,1,False Positive
31,Self-emp-not-inc,204052,HS-grad,9,Married-civ-spouse,Craft-repair,Husband,White,Male,0,0,40,United-States,1,0.17100321,0,False Negative
37,Federal-gov,160910,HS-grad,9,Married-civ-spouse,Craft-repair,Husband,White,Male,0,0,40,United-States,0,0.41396138,1,False Positive
53,Self-emp-not-inc,118793,10th,6,Married-civ-spouse,Craft-repair,Husband,White,Male,0,0,50,United-States,1,0.14610602,0,False Negative
48,Private,425199,Some-college,10,Divorced,Sales,Unmarried,White,Male,0,0,45,United-States,0,0.41916347,1,False Positive
53,Self-emp-not-inc,159876,HS-grad,9,Married-civ-spouse,Craft-repair,Husband,Black,Male,3103,0,72,United-States,0,0.62276876,1,False Positive
53,Private,231919,HS-grad,9,Married-civ-spouse,Machine-op-inspct,Husband,White,Male,0,0,45,United-States,0,0.4979069,1,False Positive
43,Private,158528,HS-grad,9,Married-civ-spouse,Craft-repair,Husband,White,Male,0,0,40,United-States,1,0.34713855,0,False Negative
58,Private,51499,Assoc-voc,11,Married-civ-spouse,Craft-repair,Husband,White,Male,0,0,40,United-States,0,0.41653365,1,False Positive
59,Private,189664,Some-college,10,Married-civ-spouse,Sales,Husband,White,Male,0,0,40,United-States,0,0.49476233,1,False Positive
40,Private,198316,10th,6,Married-civ-spouse,Exec-managerial,Husband,White,Male,0,0,40,United-States,1,0.2695511,0,False Negative
63,,257876,Prof-school,15,Married-civ-spouse,,Husband,White,Male,0,0,40,United-States,0,0.8008381,1,False Positive
43,Private,243380,Some-college,10,Married-civ-spouse,Adm-clerical,Husband,White,Male,0,0,40,United-States,0,0.4475583,1,False Positive
43,Private,269015,HS-grad,9,Married-civ-spouse,Machine-op-inspct,Husband,Black,Male,0,0,40,Germany,1,0.165776,0,False Negative
38,Private,128033,Some-college,10,Married-civ-spouse,Sales,Husband,White,Male,0,0,60,United-States,0,0.5641035,1,False Positive
52,Private,185407,HS-grad,9,Married-civ-spouse,Craft-repair,Husband,White,Male,0,0,40,,0,0.3849939,1,False Positive
38,,498411,Some-college,10,Married-civ-spouse,,Wife,White,Female,0,0,40,United-States,0,0.61618274,1,False Positive
48,Self-emp-inc,72425,Bachelors,13,Married-civ-spouse,Craft-repair,Husband,White,Male,0,0,50,United-States,0,0.6392199,1,False Positive
65,Private,213149,HS-grad,9,Married-civ-spouse,Tech-support,Husband,White,Male,0,0,40,United-States,0,0.38724658,1,False Positive
36,State-gov,345712,HS-grad,9,Married-civ-spouse,Exec-managerial,Husband,White,Male,0,0,40,United-States,0,0.40971306,1,False Positive
70,Self-emp-inc,225780,Some-college,10,Married-civ-spouse,Exec-managerial,Husband,White,Male,0,0,20,United-States,1,0.28771865,0,False Negative
38,State-gov,31352,Some-college,10,Divorced,Protective-serv,Unmarried,Amer-Indian-Eskimo,Female,0,0,40,United-States,1,0.023933569,0,False Negative
39,Private,370549,Some-college,10,Married-civ-spouse,Sales,Wife,White,Female,0,0,30,United-States,1,0.34666812,0,False Negative
46,Private,353512,HS-grad,9,Married-civ-spouse,Machine-op-inspct,Husband,White,Male,0,0,40,United-States,1,0.2809975,0,False Negative
49,Local-gov,123088,Some-college,10,Married-civ-spouse,Exec-managerial,Husband,White,Male,0,0,46,United-States,0,0.6374278,1,False Positive
42,Private,121055,Bachelors,13,Married-civ-spouse,Sales,Husband,White,Male,0,0,60,United-States,0,0.69462043,1,False Positive
48,Private,109421,Bachelors,13,Married-civ-spouse,Prof-specialty,Husband,White,Male,0,0,55,United-States,0,0.71315306,1,False Positive
33,Private,150570,Bachelors,13,Married-civ-spouse,Sales,Husband,White,Male,0,0,40,United-States,0,0.6353764,1,False Positive
60,Private,123992,Some-college,10,Married-civ-spouse,Craft-repair,Husband,White,Male,0,0,45,United-States,0,0.42999512,1,False Positive
50,State-gov,97778,HS-grad,9,Married-civ-spouse,Protective-serv,Husband,White,Male,0,0,40,United-States,0,0.42012048,1,False Positive
33,Private,345277,Bachelors,13,Never-married,Tech-support,Not-in-family,White,Female,0,0,45,United-States,1,0.1219446,0,False Negative
45,,215943,HS-grad,9,Married-civ-spouse,,Husband,White,Male,0,0,40,United-States,0,0.40825722,1,False Positive
50,Private,114056,Assoc-voc,11,Married-civ-spouse,Protective-serv,Husband,White,Male,0,0,84,United-States,0,0.5734054,1,False Positive
49,Private,99361,Prof-school,15,Married-civ-spouse,Prof-specialty,Husband,White,Male,0,0,45,United-States,0,0.8870943,1,False Positive
74,Self-emp-not-inc,173929,Doctorate,16,Married-spouse-absent,Prof-specialty,Not-in-family,White,Male,0,0,25,United-States,1,0.22833426,0,False Negative
50,Local-gov,191025,Masters,14,Divorced,Exec-managerial,Not-in-family,White,Female,4650,0,70,United-States,0,0.41415572,1,False Positive
37,Local-gov,180342,Bachelors,13,Married-civ-spouse,Other-service,Husband,White,Male,0,0,40,United-States,1,0.21553971,0,False Negative
34,Private,101345,HS-grad,9,Married-civ-spouse,Other-service,Wife,White,Female,0,0,40,United-States,1,0.17483683,0,False Negative
59,,93655,Some-college,10,Married-civ-spouse,,Husband,White,Male,0,0,40,United-States,0,0.4963484,1,False Positive
48,Federal-gov,147397,HS-grad,9,Married-civ-spouse,Adm-clerical,Husband,White,Male,0,0,36,United-States,0,0.4664755,1,False Positive
60,Self-emp-not-inc,135285,Masters,14,Married-civ-spouse,Prof-specialty,Husband,White,Male,0,0,40,United-States,0,0.64561474,1,False Positive
42,Self-emp-inc,96509,Some-college,10,Married-civ-spouse,Exec-managerial,Husband,Asian-Pac-Islander,Male,0,0,60,Taiwan,0,0.6491471,1,False Positive
54,Private,156003,HS-grad,9,Married-civ-spouse,Craft-repair,Husband,White,Male,0,0,40,United-States,0,0.40810284,1,False Positive
35,Private,164526,HS-grad,9,Married-civ-spouse,Other-service,Husband,White,Male,0,0,40,Yugoslavia,1,0.08595201,0,False Negative
29,Private,108574,Masters,14,Never-married,Prof-specialty,Not-in-family,White,Female,0,0,40,United-States,1,0.05151802,0,False Negative
51,Local-gov,548361,Bachelors,13,Married-civ-spouse,Prof-specialty,Husband,White,Male,0,0,26,United-States,0,0.48697534,1,False Positive
55,Private,141549,HS-grad,9,Married-civ-spouse,Craft-repair,Husband,White,Male,0,0,40,United-States,0,0.36763194,1,False Positive
45,Federal-gov,87207,HS-grad,9,Married-civ-spouse,Adm-clerical,Wife,White,Female,0,0,37,United-States,0,0.5437978,1,False Positive
37,Private,143058,Some-college,10,Married-civ-spouse,Craft-repair,Husband,White,Male,0,0,40,United-States,0,0.38942194,1,False Positive
32,Private,265190,Bachelors,13,Married-civ-spouse,Sales,Husband,White,Male,0,0,40,United-States,0,0.61557645,1,False Positive
53,Self-emp-not-inc,206288,Bachelors,13,Married-civ-spouse,Craft-repair,Husband,Asian-Pac-Islander,Male,0,0,35,Vietnam,0,0.37382913,1,False Positive
52,Private,111192,Some-college,10,Married-civ-spouse,Machine-op-inspct,Husband,Amer-Indian-Eskimo,Male,0,0,40,United-States,0,0.36775735,1,False Positive
70,Private,50468,HS-grad,9,Divorced,Handlers-cleaners,Not-in-family,White,Male,0,3175,15,United-States,0,0.4172711,1,False Positive
33,Private,159123,Some-college,10,Married-civ-spouse,Adm-clerical,Husband,White,Male,0,0,40,United-States,1,0.31540024,0,False Negative
57,Self-emp-inc,412952,Some-college,10,Married-civ-spouse,Prof-specialty,Husband,White,Male,0,0,40,United-States,0,0.63599765,1,False Positive
28,Private,51461,Masters,14,Married-civ-spouse,Prof-specialty,Husband,White,Male,0,0,60,United-States,0,0.45946324,1,False Positive
62,Self-emp-not-inc,82388,HS-grad,9,Married-civ-spouse,Craft-repair,Husband,White,Male,10566,0,40,United-States,0,0.9848595,1,False Positive
65,Private,90377,Assoc-voc,11,Married-civ-spouse,Farming-fishing,Husband,White,Male,6767,0,60,United-States,0,0.8417669,1,False Positive
51,Federal-gov,23698,HS-grad,9,Married-civ-spouse,Other-service,Husband,White,Male,0,0,40,United-States,1,0.2691106,0,False Negative
62,Private,170969,Some-college,10,Married-civ-spouse,Craft-repair,Husband,Black,Male,0,0,40,United-States,1,0.34474334,0,False Negative
33,Private,149726,HS-grad,9,Married-civ-spouse,Sales,Husband,White,Male,0,0,40,United-States,1,0.24156201,0,False Negative
66,,143417,Assoc-voc,11,Married-civ-spouse,,Husband,White,Male,0,0,45,United-States,0,0.5022982,1,False Positive
31,Private,112115,HS-grad,9,Married-civ-spouse,Craft-repair,Husband,White,Male,0,0,40,United-States,1,0.19251738,0,False Negative
58,Self-emp-not-inc,105592,7th-8th,4,Married-civ-spouse,Transport-moving,Husband,White,Male,0,0,40,United-States,1,0.11875582,0,False Negative
37,Self-emp-not-inc,101561,Assoc-voc,11,Married-civ-spouse,Farming-fishing,Husband,White,Male,0,0,50,United-States,1,0.22176175,0,False Negative
60,Private,308608,HS-grad,9,Married-civ-spouse,Sales,Husband,White,Male,0,0,50,United-States,0,0.44006178,1,False Positive
50,Local-gov,96062,HS-grad,9,Married-civ-spouse,Protective-serv,Husband,White,Male,0,0,40,United-States,0,0.41041064,1,False Positive
42,Private,149909,Some-college,10,Married-civ-spouse,Sales,Husband,White,Male,0,0,25,United-States,1,0.24038401,0,False Negative
50,Private,201882,Masters,14,Married-civ-spouse,Machine-op-inspct,Husband,White,Male,0,0,30,United-States,0,0.39634654,1,False Positive
52,Private,208302,HS-grad,9,Married-civ-spouse,Sales,Husband,White,Male,0,0,36,United-States,0,0.3578038,1,False Positive
26,Private,176795,Bachelors,13,Never-married,Adm-clerical,Own-child,White,Female,0,0,40,United-States,1,0.010409871,0,False Negative
39,Private,211154,Bachelors,13,Married-civ-spouse,Tech-support,Husband,White,Male,0,0,50,United-States,0,0.7601747,1,False Positive
30,Private,231826,Some-college,10,Married-civ-spouse,Sales,Husband,White,Male,0,0,40,United-States,1,0.32442364,0,False Negative
41,Local-gov,195897,Masters,14,Married-civ-spouse,Prof-specialty,Husband,White,Male,0,0,60,United-States,0,0.6564336,1,False Positive
40,Private,156526,Bachelors,13,Married-civ-spouse,Exec-managerial,Husband,White,Male,0,0,40,United-States,0,0.7507835,1,False Positive
48,Private,250736,HS-grad,9,Married-civ-spouse,Transport-moving,Husband,Black,Male,0,0,99,United-States,0,0.4592772,1,False Positive
26,Private,102476,Bachelors,13,Married-civ-spouse,Exec-managerial,Husband,White,Male,0,0,40,United-States,0,0.4484088,1,False Positive
41,Private,317539,Some-college,10,Married-civ-spouse,Craft-repair,Husband,Black,Male,0,0,40,United-States,0,0.46570686,1,False Positive
48,Private,67725,Bachelors,13,Married-civ-spouse,Sales,Husband,White,Male,0,0,45,United-States,0,0.6849742,1,False Positive
37,Private,412296,HS-grad,9,Married-civ-spouse,Craft-repair,Husband,White,Male,0,0,35,Mexico,1,0.064367406,0,False Negative
49,Federal-gov,362679,Assoc-voc,11,Married-civ-spouse,Adm-clerical,Husband,White,Male,0,0,9,United-States,1,0.30335402,0,False Negative
57,Private,163047,HS-grad,9,Married-civ-spouse,Exec-managerial,Wife,White,Female,0,0,38,United-States,0,0.56598574,1,False Positive
40,Private,69333,Bachelors,13,Married-civ-spouse,Farming-fishing,Husband,White,Male,0,0,40,United-States,0,0.37160647,1,False Positive
45,Private,178341,Masters,14,Married-civ-spouse,Prof-specialty,Husband,White,Male,0,0,50,United-States,0,0.76382136,1,False Positive
39,Private,98941,Bachelors,13,Never-married,Prof-specialty,Not-in-family,White,Male,0,0,40,United-States,1,0.1796204,0,False Negative
52,,89951,12th,8,Married-civ-spouse,,Wife,Black,Female,0,0,40,United-States,1,0.16816169,0,False Negative
42,Private,152889,7th-8th,4,Married-civ-spouse,Craft-repair,Husband,White,Male,4386,0,50,United-States,1,0.3072722,0,False Negative
43,Private,306440,Prof-school,15,Never-married,Prof-specialty,Not-in-family,White,Male,0,0,66,France,0,0.71358806,1,False Positive
39,Private,148485,Some-college,10,Married-civ-spouse,Craft-repair,Husband,White,Male,0,0,50,United-States,0,0.51328725,1,False Positive
58,Private,95835,Some-college,10,Married-civ-spouse,Tech-support,Husband,White,Male,0,0,36,United-States,0,0.5159053,1,False Positive
63,,176827,Some-college,10,Married-civ-spouse,,Husband,White,Male,0,0,30,United-States,1,0.20834506,0,False Negative
51,Private,254211,Bachelors,13,Married-civ-spouse,Craft-repair,Husband,White,Male,0,0,20,United-States,1,0.29789492,0,False Negative
38,Local-gov,339442,Some-college,10,Married-civ-spouse,Transport-moving,Husband,Black,Male,0,0,40,United-States,0,0.38126314,1,False Positive
31,Local-gov,187689,Bachelors,13,Married-civ-spouse,Prof-specialty,Husband,White,Male,0,0,40,United-States,0,0.56536156,1,False Positive
55,Private,211678,Assoc-voc,11,Married-civ-spouse,Machine-op-inspct,Husband,White,Male,0,0,45,United-States,0,0.55439746,1,False Positive
71,Private,533660,7th-8th,4,Married-civ-spouse,Craft-repair,Husband,White,Male,0,0,40,United-States,1,0.050588805,0,False Negative
32,Local-gov,127651,HS-grad,9,Married-civ-spouse,Craft-repair,Husband,White,Male,0,0,40,United-States,1,0.1650964,0,False Negative
55,Self-emp-inc,222615,Masters,14,Married-civ-spouse,Exec-managerial,Husband,White,Male,0,0,60,United-States,0,0.87836415,1,False Positive
26,Private,171636,Bachelors,13,Married-civ-spouse,Exec-managerial,Husband,White,Male,0,0,72,United-States,0,0.5924556,1,False Positive
40,Private,175642,Bachelors,13,Never-married,Prof-specialty,Not-in-family,White,Female,0,0,60,United-States,1,0.21063413,0,False Negative
47,Self-emp-inc,205100,HS-grad,9,Married-civ-spouse,Prof-specialty,Husband,White,Male,0,0,38,Germany,0,0.3747843,1,False Positive
53,Private,116288,HS-grad,9,Married-civ-spouse,Exec-managerial,Husband,White,Male,0,0,40,United-States,0,0.53009903,1,False Positive
43,Private,106900,Bachelors,13,Married-civ-spouse,Machine-op-inspct,Husband,White,Male,0,0,40,United-States,0,0.48274112,1,False Positive
35,Private,77820,Some-college,10,Married-civ-spouse,Craft-repair,Husband,White,Male,0,0,60,United-States,0,0.3515492,1,False Positive
33,Private,95530,Masters,14,Married-civ-spouse,Prof-specialty,Husband,White,Male,0,0,50,United-States,0,0.6360343,1,False Positive
36,Self-emp-not-inc,188503,Masters,14,Never-married,Prof-specialty,Not-in-family,White,Female,0,0,60,United-States,1,0.24177969,0,False Negative
46,Private,234289,Masters,14,Married-civ-spouse,Exec-managerial,Husband,White,Male,0,0,60,United-States,0,0.88222694,1,False Positive
34,Private,399386,Assoc-voc,11,Married-civ-spouse,Craft-repair,Husband,White,Male,0,0,53,United-States,0,0.47213036,1,False Positive
54,Private,138026,HS-grad,9,Married-civ-spouse,Adm-clerical,Wife,White,Female,0,0,40,United-States,0,0.4654027,1,False Positive
66,Private,262285,Bachelors,13,Married-civ-spouse,Prof-specialty,Husband,White,Male,0,0,99,United-States,0,0.44246793,1,False Positive
70,Self-emp-inc,379819,Some-college,10,Married-civ-spouse,Sales,Husband,White,Male,10566,0,40,United-States,0,0.957338,1,False Positive
79,Self-emp-inc,183686,Bachelors,13,Married-civ-spouse,Sales,Husband,White,Male,0,0,20,United-States,1,0.27527606,0,False Negative
72,Self-emp-not-inc,379376,Prof-school,15,Married-civ-spouse,Prof-specialty,Husband,White,Male,0,0,35,United-States,0,0.6315795,1,False Positive
38,Private,131827,Bachelors,13,Married-civ-spouse,Craft-repair,Husband,White,Male,0,0,70,United-States,0,0.5918013,1,False Positive
52,Private,145879,Some-college,10,Married-civ-spouse,Sales,Husband,White,Male,0,0,65,United-States,0,0.6275164,1,False Positive
48,Private,64156,Some-college,10,Married-civ-spouse,Exec-managerial,Husband,White,Male,0,0,45,United-States,0,0.5779449,1,False Positive
70,,26990,HS-grad,9,Married-civ-spouse,,Husband,White,Male,0,0,60,United-States,0,0.39054012,1,False Positive
29,Private,47429,HS-grad,9,Married-civ-spouse,Adm-clerical,Wife,White,Female,0,0,40,United-States,1,0.213499,0,False Negative
54,Local-gov,204325,Some-college,10,Married-civ-spouse,Protective-serv,Husband,White,Male,0,0,52,United-States,0,0.72445536,1,False Positive
42,Private,348059,Doctorate,16,Divorced,Exec-managerial,Not-in-family,White,Male,0,0,60,United-States,0,0.7966163,1,False Positive
51,Self-emp-inc,110327,11th,7,Married-civ-spouse,Craft-repair,Husband,White,Male,0,0,60,United-States,1,0.2919745,0,False Negative
41,,173651,Assoc-acdm,12,Married-civ-spouse,,Husband,White,Male,0,0,99,United-States,0,0.50028896,1,False Positive
57,Self-emp-inc,195835,HS-grad,9,Married-civ-spouse,Exec-managerial,Husband,White,Male,0,0,40,United-States,0,0.53814495,1,False Positive
39,Private,163237,HS-grad,9,Married-civ-spouse,Craft-repair,Husband,White,Male,0,0,60,United-States,0,0.42425957,1,False Positive
55,Private,325007,Assoc-acdm,12,Married-civ-spouse,Tech-support,Husband,White,Male,0,0,25,United-States,0,0.4759993,1,False Positive
46,Private,28225,Some-college,10,Married-civ-spouse,Transport-moving,Husband,White,Male,0,0,58,United-States,0,0.5004259,1,False Positive
38,Private,65291,Bachelors,13,Married-civ-spouse,Tech-support,Wife,White,Female,0,0,24,United-States,0,0.54145324,1,False Positive
57,Private,104455,Some-college,10,Married-spouse-absent,Sales,Own-child,Asian-Pac-Islander,Female,0,0,90,United-States,1,0.15135331,0,False Negative
44,Private,172026,HS-grad,9,Married-civ-spouse,Sales,Husband,Black,Male,0,0,40,United-States,1,0.30435696,0,False Negative
25,State-gov,262664,Bachelors,13,Married-civ-spouse,Protective-serv,Husband,White,Male,0,0,40,United-States,1,0.2732734,0,False Negative
53,Federal-gov,130703,HS-grad,9,Married-civ-spouse,Adm-clerical,Husband,Black,Male,0,0,40,United-States,0,0.4961517,1,False Positive
29,Private,211208,11th,7,Married-civ-spouse,Transport-moving,Husband,White,Male,0,0,99,United-States,1,0.19415008,0,False Negative
40,Self-emp-not-inc,45093,Masters,14,Married-civ-spouse,Prof-specialty,Husband,White,Male,0,0,50,United-States,0,0.6175574,1,False Positive
43,State-gov,164790,Some-college,10,Divorced,Adm-clerical,Not-in-family,Black,Male,0,0,50,United-States,1,0.06870076,0,False Negative
38,Private,303092,HS-grad,9,Married-civ-spouse,Exec-managerial,Husband,White,Male,0,0,40,United-States,0,0.41469163,1,False Positive
35,Private,287701,Assoc-acdm,12,Divorced,Craft-repair,Unmarried,White,Male,0,0,45,United-States,1,0.08022709,0,False Negative
40,Private,237601,Bachelors,13,Never-married,Sales,Not-in-family,Other,Female,0,0,55,United-States,1,0.24789798,0,False Negative
25,Private,213412,Some-college,10,Married-civ-spouse,Sales,Husband,White,Male,0,0,40,United-States,1,0.1785894,0,False Negative
29,Local-gov,95471,Bachelors,13,Married-civ-spouse,Exec-managerial,Husband,White,Male,0,0,55,United-States,0,0.66232646,1,False Positive
61,Self-emp-not-inc,221884,Some-college,10,Married-civ-spouse,Adm-clerical,Husband,White,Male,0,0,50,United-States,1,0.34872493,0,False Negative
42,Private,169995,HS-grad,9,Married-civ-spouse,Sales,Husband,White,Male,0,0,48,United-States,0,0.400286,1,False Positive
46,Private,345073,HS-grad,9,Divorced,Exec-managerial,Not-in-family,White,Male,0,0,48,United-States,1,0.1427204,0,False Negative
42,Private,367533,10th,6,Married-civ-spouse,Craft-repair,Own-child,Other,Male,0,0,43,United-States,1,0.11466534,0,False Negative
33,Private,54318,HS-grad,9,Married-civ-spouse,Craft-repair,Husband,White,Male,0,0,40,United-States,1,0.14620936,0,False Negative
28,Private,132686,Bachelors,13,Married-civ-spouse,Exec-managerial,Husband,White,Male,0,0,55,United-States,0,0.6933645,1,False Positive
36,Private,164866,Bachelors,13,Married-civ-spouse,Handlers-cleaners,Husband,White,Male,0,0,40,United-States,0,0.37683108,1,False Positive
42,,116632,Some-college,10,Married-civ-spouse,,Husband,White,Male,0,0,60,United-States,0,0.5291183,1,False Positive
28,Private,156257,Some-college,10,Married-civ-spouse,Craft-repair,Husband,White,Male,0,0,60,United-States,1,0.26307034,0,False Negative
30,State-gov,103651,Bachelors,13,Married-civ-spouse,Prof-specialty,Husband,White,Male,0,0,40,United-States,0,0.5901177,1,False Positive
29,Private,253003,Some-college,10,Never-married,Craft-repair,Not-in-family,White,Male,0,2258,45,United-States,1,0.19804986,0,False Negative
66,Private,151227,Bachelors,13,Married-civ-spouse,Other-service,Husband,White,Male,0,0,40,United-States,1,0.1899482,0,False Negative
56,Private,68080,HS-grad,9,Never-married,Farming-fishing,Not-in-family,White,Male,0,0,50,,1,0.08162575,0,False Negative
45,Private,198759,Doctorate,16,Married-civ-spouse,Exec-managerial,Husband,White,Male,0,0,60,United-States,0,0.8775691,1,False Positive
25,Private,40915,Bachelors,13,Never-married,Exec-managerial,Not-in-family,White,Female,0,0,40,United-States,1,0.017663384,0,False Negative
43,Private,214781,Some-college,10,Never-married,Adm-clerical,Unmarried,White,Male,0,0,38,United-States,1,0.043056916,0,False Negative
50,Private,229318,HS-grad,9,Married-civ-spouse,Machine-op-inspct,Husband,Black,Male,0,0,50,Trinadad&Tobago,0,0.46274495,1,False Positive
53,Private,114758,Doctorate,16,Married-civ-spouse,Prof-specialty,Husband,White,Male,0,0,20,United-States,0,0.6394642,1,False Positive
52,Private,163948,9th,5,Married-civ-spouse,Farming-fishing,Husband,White,Male,0,0,60,United-States,1,0.18495658,0,False Negative
35,Private,212465,HS-grad,9,Married-civ-spouse,Craft-repair,Husband,White,Male,0,0,40,United-States,1,0.22232895,0,False Negative
42,Private,245317,HS-grad,9,Married-civ-spouse,Sales,Husband,White,Male,0,0,50,United-States,0,0.43488792,1,False Positive
31,Self-emp-not-inc,210164,HS-grad,9,Married-civ-spouse,Exec-managerial,Husband,White,Male,0,0,40,United-States,1,0.22790867,0,False Negative
41,Private,174373,HS-grad,9,Married-civ-spouse,Sales,Husband,White,Male,0,0,30,United-States,1,0.14878356,0,False Negative
30,Private,231413,Some-college,10,Married-civ-spouse,Craft-repair,Husband,White,Male,0,0,40,United-States,1,0.29841965,0,False Negative
39,Private,105803,Some-college,10,Married-civ-spouse,Sales,Husband,White,Male,0,0,40,United-States,0,0.42978144,1,False Positive
37,Self-emp-not-inc,191342,HS-grad,9,Married-civ-spouse,Craft-repair,Husband,Asian-Pac-Islander,Male,0,0,60,Philippines,1,0.20592357,0,False Negative
31,Private,119411,HS-grad,9,Married-civ-spouse,Sales,Husband,White,Male,0,0,40,United-States,1,0.24581978,0,False Negative
55,Federal-gov,146477,Some-college,10,Married-civ-spouse,Craft-repair,Husband,White,Male,0,0,45,United-States,0,0.6242294,1,False Positive
42,Private,138634,HS-grad,9,Married-civ-spouse,Sales,Husband,White,Male,0,0,40,United-States,0,0.3652626,1,False Positive
59,Private,144092,HS-grad,9,Married-civ-spouse,Craft-repair,Husband,White,Male,0,0,40,United-States,0,0.37608382,1,False Positive
35,Private,119098,Masters,14,Married-civ-spouse,Exec-managerial,Husband,White,Male,0,0,40,United-States,0,0.7442884,1,False Positive
67,Private,126361,11th,7,Married-civ-spouse,Other-service,Husband,Black,Male,0,0,9,United-States,1,0.016556786,0,False Negative
61,Self-emp-not-inc,352448,Bachelors,13,Married-civ-spouse,Transport-moving,Husband,White,Male,0,0,60,United-States,0,0.45193225,1,False Positive
65,Private,170012,Bachelors,13,Married-civ-spouse,Adm-clerical,Husband,White,Male,0,0,34,United-States,0,0.3974298,1,False Positive
44,Private,237993,Prof-school,15,Married-civ-spouse,Machine-op-inspct,Husband,White,Male,0,0,45,,0,0.7827313,1,False Positive
29,Private,77009,11th,7,Separated,Sales,Not-in-family,White,Female,0,2754,42,United-States,0,0.38628215,1,False Positive
39,Local-gov,43702,Assoc-voc,11,Married-civ-spouse,Adm-clerical,Wife,White,Female,0,0,37,United-States,0,0.45093903,1,False Positive
56,Private,134286,Some-college,10,Married-civ-spouse,Exec-managerial,Husband,White,Male,0,0,45,United-States,0,0.65622777,1,False Positive
35,Local-gov,99146,Bachelors,13,Married-civ-spouse,Protective-serv,Husband,White,Male,0,0,50,United-States,0,0.5874589,1,False Positive
30,Private,209432,HS-grad,9,Married-civ-spouse,Adm-clerical,Wife,White,Female,0,0,40,United-States,0,0.37460607,1,False Positive
28,Private,289991,HS-grad,9,Married-civ-spouse,Craft-repair,Husband,White,Male,0,0,40,United-States,1,0.14159325,0,False Negative
44,Private,373050,HS-grad,9,Married-civ-spouse,Transport-moving,Husband,White,Male,0,0,40,United-States,0,0.3635418,1,False Positive
46,Private,101320,Bachelors,13,Separated,Prof-specialty,Unmarried,White,Female,0,0,42,United-States,1,0.07110355,0,False Negative
50,Private,99316,Assoc-voc,11,Married-civ-spouse,Prof-specialty,Husband,White,Male,0,0,40,United-States,0,0.5277634,1,False Positive
36,Private,207568,HS-grad,9,Married-civ-spouse,Craft-repair,Husband,White,Male,0,0,50,United-States,0,0.36148426,1,False Positive
42,Local-gov,150533,Masters,14,Married-civ-spouse,Prof-specialty,Husband,White,Male,0,0,46,United-States,0,0.7525654,1,False Positive
37,Private,103323,Assoc-acdm,12,Married-civ-spouse,Sales,Husband,White,Male,0,0,40,United-States,0,0.49357527,1,False Positive
35,Private,30916,HS-grad,9,Married-civ-spouse,Transport-moving,Husband,White,Male,0,0,50,United-States,1,0.22686549,0,False Negative
48,Private,130812,HS-grad,9,Married-civ-spouse,Exec-managerial,Wife,White,Female,0,0,40,United-States,0,0.63290274,1,False Positive
57,Private,279636,Assoc-voc,11,Never-married,Craft-repair,Not-in-family,White,Male,0,0,40,United-States,1,0.07409964,0,False Negative
34,Self-emp-not-inc,426431,Bachelors,13,Married-civ-spouse,Craft-repair,Husband,White,Male,0,0,40,United-States,0,0.4863352,1,False Positive
25,Private,75759,HS-grad,9,Married-civ-spouse,Transport-moving,Husband,White,Male,0,0,44,United-States,1,0.106375635,0,False Negative
24,Private,186213,Some-college,10,Married-civ-spouse,Tech-support,Husband,White,Male,0,0,50,United-States,1,0.18827713,0,False Negative
39,Private,65027,Some-college,10,Married-civ-spouse,Transport-moving,Husband,White,Male,0,0,43,United-States,0,0.36918572,1,False Positive
38,Private,617898,Bachelors,13,Married-civ-spouse,Farming-fishing,Husband,White,Male,0,0,50,United-States,0,0.4983635,1,False Positive
40,Private,200574,Assoc-acdm,12,Married-civ-spouse,Tech-support,Husband,White,Male,0,0,44,United-States,0,0.5856994,1,False Positive
54,Private,175594,HS-grad,9,Married-civ-spouse,Craft-repair,Husband,White,Male,0,0,40,United-States,0,0.39189273,1,False Positive
39,Self-emp-not-inc,306678,HS-grad,9,Married-civ-spouse,Exec-managerial,Husband,White,Male,0,0,40,United-States,1,0.2479052,0,False Negative
33,Private,154950,Bachelors,13,Married-civ-spouse,Prof-specialty,Husband,White,Male,0,0,50,United-States,0,0.67608964,1,False Positive
59,Private,172667,HS-grad,9,Married-civ-spouse,Transport-moving,Husband,White,Male,0,0,40,United-States,0,0.3869596,1,False Positive
37,State-gov,93225,Assoc-acdm,12,Married-civ-spouse,Exec-managerial,Husband,White,Male,0,0,45,United-States,0,0.5520614,1,False Positive
46,Private,405309,HS-grad,9,Married-civ-spouse,Exec-managerial,Husband,White,Male,0,0,40,United-States,0,0.5483042,1,False Positive
31,Private,75755,Bachelors,13,Never-married,Prof-specialty,Not-in-family,White,Male,0,0,50,United-States,1,0.16670443,0,False Negative
72,,235014,Assoc-voc,11,Widowed,,Not-in-family,White,Female,0,2465,40,United-States,0,0.61914575,1,False Positive
61,Private,161472,HS-grad,9,Married-civ-spouse,Craft-repair,Husband,White,Male,0,0,40,United-States,1,0.30012664,0,False Negative
31,Local-gov,356689,Bachelors,13,Married-civ-spouse,Prof-specialty,Husband,White,Male,0,0,40,United-States,0,0.6190968,1,False Positive
59,Local-gov,435836,10th,6,Married-civ-spouse,Other-service,Wife,White,Female,0,0,30,United-States,1,0.06858075,0,False Negative
39,Private,207568,HS-grad,9,Married-civ-spouse,Handlers-cleaners,Husband,White,Male,0,0,48,United-States,1,0.28096318,0,False Negative
30,Private,143392,Bachelors,13,Married-civ-spouse,Adm-clerical,Wife,White,Female,0,0,40,United-States,0,0.64034665,1,False Positive
55,Private,125000,HS-grad,9,Married-civ-spouse,Machine-op-inspct,Husband,White,Male,0,0,40,United-States,1,0.31011775,0,False Negative
32,Private,296466,Assoc-voc,11,Married-civ-spouse,Craft-repair,Husband,White,Male,0,0,40,United-States,1,0.2912565,0,False Negative
31,Local-gov,206609,HS-grad,9,Married-civ-spouse,Protective-serv,Husband,White,Male,0,0,40,United-States,1,0.30731484,0,False Negative
39,Self-emp-not-inc,185366,Assoc-acdm,12,Married-civ-spouse,Craft-repair,Husband,White,Male,0,0,35,United-States,1,0.27535784,0,False Negative
37,Private,227597,Some-college,10,Married-civ-spouse,Craft-repair,Husband,White,Male,0,0,40,United-States,0,0.38929188,1,False Positive
29,Private,146949,Assoc-voc,11,Married-civ-spouse,Prof-specialty,Husband,White,Male,0,0,43,United-States,0,0.35906127,1,False Positive
30,Private,204704,Bachelors,13,Never-married,Exec-managerial,Unmarried,White,Female,0,0,45,United-States,1,0.086355485,0,False Negative
59,Self-emp-not-inc,32537,HS-grad,9,Married-civ-spouse,Farming-fishing,Husband,White,Male,0,0,40,United-States,1,0.1532575,0,False Negative
43,Self-emp-inc,405601,Some-college,10,Married-civ-spouse,Exec-managerial,Husband,White,Male,0,0,60,United-States,0,0.7857968,1,False Positive
45,Private,102147,Assoc-voc,11,Divorced,Exec-managerial,Not-in-family,White,Male,0,0,40,United-States,1,0.10242759,0,False Negative
51,Local-gov,26832,HS-grad,9,Married-civ-spouse,Craft-repair,Husband,White,Male,0,0,40,United-States,1,0.3381282,0,False Negative
66,Self-emp-not-inc,183249,Bachelors,13,Married-civ-spouse,Prof-specialty,Husband,White,Male,0,0,20,United-States,1,0.21573023,0,False Negative
61,Self-emp-inc,134768,Some-college,10,Married-civ-spouse,Sales,Husband,White,Male,0,0,40,United-States,0,0.46711862,1,False Positive
47,Private,176140,HS-grad,9,Divorced,Exec-managerial,Unmarried,Black,Female,0,0,40,United-States,1,0.048101112,0,False Negative
30,Private,250804,HS-grad,9,Married-civ-spouse,Craft-repair,Husband,White,Male,0,0,40,United-States,1,0.19951984,0,False Negative
37,Self-emp-not-inc,352882,HS-grad,9,Divorced,Exec-managerial,Not-in-family,Asian-Pac-Islander,Female,0,0,70,South,1,0.067351274,0,False Negative
34,Private,347166,Some-college,10,Married-civ-spouse,Adm-clerical,Husband,White,Male,0,0,40,United-States,0,0.380695,1,False Positive
57,Private,158077,Bachelors,13,Married-civ-spouse,Sales,Wife,White,Female,0,0,40,United-States,0,0.6679301,1,False Positive
41,Private,202565,HS-grad,9,Married-civ-spouse,Adm-clerical,Husband,White,Male,0,0,40,United-States,1,0.3367024,0,False Negative
35,Local-gov,258037,HS-grad,9,Married-civ-spouse,Craft-repair,Husband,White,Male,0,0,40,Cuba,1,0.16733103,0,False Negative
30,Private,169583,Bachelors,13,Married-AF-spouse,Exec-managerial,Wife,White,Female,0,0,40,United-States,1,0.25102034,0,False Negative
33,Private,154950,Bachelors,13,Married-civ-spouse,Tech-support,Husband,White,Male,0,0,50,United-States,0,0.634841,1,False Positive
42,Private,193626,HS-grad,9,Married-civ-spouse,Adm-clerical,Wife,White,Female,0,0,53,United-States,0,0.35477057,1,False Positive
47,Private,97419,HS-grad,9,Married-civ-spouse,Protective-serv,Wife,Black,Female,0,0,40,United-States,0,0.3822202,1,False Positive
66,Self-emp-not-inc,37170,HS-grad,9,Married-civ-spouse,Adm-clerical,Husband,White,Male,0,0,42,United-States,1,0.23671335,0,False Negative
39,Private,336880,HS-grad,9,Married-civ-spouse,Machine-op-inspct,Husband,White,Male,0,0,40,United-States,1,0.22540234,0,False Negative
43,Private,176452,9th,5,Married-spouse-absent,Craft-repair,Not-in-family,White,Male,0,0,50,,1,0.04981901,0,False Negative
58,Private,147653,Some-college,10,Married-civ-spouse,Adm-clerical,Wife,White,Female,0,0,32,United-States,0,0.40827167,1,False Positive
49,Private,34446,Some-college,10,Married-civ-spouse,Transport-moving,Husband,White,Male,0,0,40,United-States,0,0.44725037,1,False Positive
51,Private,97005,HS-grad,9,Married-civ-spouse,Craft-repair,Husband,White,Male,0,0,40,United-States,0,0.37312415,1,False Positive
51,Private,138852,HS-grad,9,Married-civ-spouse,Craft-repair,Husband,White,Male,0,0,40,United-States,0,0.40566278,1,False Positive
31,Private,113364,HS-grad,9,Married-civ-spouse,Transport-moving,Husband,White,Male,0,0,40,United-States,1,0.20269224,0,False Negative
58,Self-emp-not-inc,318106,HS-grad,9,Married-civ-spouse,Exec-managerial,Husband,White,Male,0,0,40,United-States,1,0.3268209,0,False Negative
54,Private,204397,Some-college,10,Married-civ-spouse,Farming-fishing,Husband,White,Male,0,0,50,United-States,0,0.3700193,1,False Positive
40,Self-emp-inc,33126,Masters,14,Married-civ-spouse,Craft-repair,Husband,White,Male,0,0,50,United-States,0,0.6577401,1,False Positive
42,Local-gov,29075,Assoc-acdm,12,Married-civ-spouse,Prof-specialty,Wife,Amer-Indian-Eskimo,Female,0,0,40,United-States,0,0.57973456,1,False Positive
54,Private,137069,Prof-school,15,Married-civ-spouse,Exec-managerial,Husband,Asian-Pac-Islander,Male,0,0,40,India,0,0.7818557,1,False Positive
49,Private,220978,HS-grad,9,Married-civ-spouse,Craft-repair,Husband,White,Male,0,0,44,United-States,0,0.44146243,1,False Positive
61,,226989,HS-grad,9,Divorced,,Not-in-family,White,Male,4865,0,40,United-States,0,0.35445413,1,False Positive
41,Private,265266,Assoc-acdm,12,Married-civ-spouse,Tech-support,Husband,White,Male,0,0,40,United-States,0,0.57922816,1,False Positive
28,Local-gov,283227,Some-college,10,Married-civ-spouse,Exec-managerial,Husband,White,Male,0,0,65,United-States,0,0.42719188,1,False Positive
52,Private,62834,HS-grad,9,Married-civ-spouse,Machine-op-inspct,Husband,White,Male,0,0,20,United-States,1,0.096311346,0,False Negative
53,Private,108435,HS-grad,9,Married-civ-spouse,Tech-support,Husband,White,Male,0,0,40,Italy,0,0.3944711,1,False Positive
42,Private,55395,Some-college,10,Married-civ-spouse,Craft-repair,Husband,White,Male,0,0,52,United-States,0,0.41574907,1,False Positive
36,Local-gov,130620,HS-grad,9,Married-civ-spouse,Adm-clerical,Wife,Asian-Pac-Islander,Female,0,0,40,China,1,0.29321116,0,False Negative
37,Self-emp-inc,199265,Some-college,10,Married-civ-spouse,Exec-managerial,Husband,White,Male,0,0,50,United-States,0,0.6811968,1,False Positive
46,Private,179869,HS-grad,9,Married-civ-spouse,Craft-repair,Husband,White,Male,0,0,40,United-States,0,0.37186033,1,False Positive
55,Self-emp-inc,103948,Assoc-voc,11,Married-civ-spouse,Exec-managerial,Husband,White,Male,0,0,60,United-States,0,0.7040764,1,False Positive
46,Private,209739,HS-grad,9,Married-civ-spouse,Craft-repair,Husband,White,Male,0,0,46,United-States,0,0.46443057,1,False Positive
56,Private,182460,HS-grad,9,Married-civ-spouse,Handlers-cleaners,Husband,White,Male,0,0,40,United-States,1,0.29832828,0,False Negative
41,Self-emp-not-inc,223763,Masters,14,Married-civ-spouse,Craft-repair,Husband,White,Male,0,0,65,United-States,0,0.5232324,1,False Positive
34,Private,295922,Some-college,10,Never-married,Machine-op-inspct,Not-in-family,White,Male,0,0,40,England,1,0.018888548,0,False Negative
28,Private,338376,Some-college,10,Married-civ-spouse,Adm-clerical,Husband,White,Male,0,0,50,United-States,1,0.2852033,0,False Negative
50,,137632,HS-grad,9,Married-civ-spouse,,Husband,Black,Male,0,0,45,Haiti,0,0.47277236,1,False Positive
52,Self-emp-not-inc,72257,Some-college,10,Married-civ-spouse,Sales,Husband,White,Male,0,0,50,United-States,0,0.40789175,1,False Positive
34,Federal-gov,191342,Bachelors,13,Married-civ-spouse,Adm-clerical,Husband,Asian-Pac-Islander,Male,0,0,38,United-States,0,0.5577653,1,False Positive
32,Private,177695,Bachelors,13,Married-civ-spouse,Craft-repair,Husband,Asian-Pac-Islander,Male,0,0,45,India,0,0.4622984,1,False Positive
66,,212759,Bachelors,13,Married-civ-spouse,,Husband,White,Male,6767,0,20,United-States,0,0.85799116,1,False Positive
37,Private,178877,HS-grad,9,Married-civ-spouse,Adm-clerical,Husband,White,Male,0,0,45,United-States,0,0.36196035,1,False Positive
42,Federal-gov,208470,HS-grad,9,Married-civ-spouse,Machine-op-inspct,Husband,White,Male,0,0,40,United-States,0,0.42129037,1,False Positive
46,Local-gov,36228,HS-grad,9,Married-civ-spouse,Craft-repair,Husband,White,Male,0,1902,40,United-States,0,0.89848953,1,False Positive
37,Self-emp-not-inc,204501,Bachelors,13,Married-civ-spouse,Sales,Husband,White,Male,0,0,20,Canada,1,0.285466,0,False Negative
29,Private,127892,Bachelors,13,Married-civ-spouse,Sales,Husband,White,Male,0,0,45,United-States,0,0.63462734,1,False Positive
39,Private,180477,Masters,14,Never-married,Prof-specialty,Not-in-family,White,Male,0,0,60,United-States,1,0.29399157,0,False Negative
31,Private,84154,Some-college,10,Married-civ-spouse,Sales,Husband,White,Male,0,0,38,,1,0.23879868,0,False Negative
50,Private,104280,Some-college,10,Married-civ-spouse,Other-service,Husband,White,Male,0,0,40,United-States,1,0.2522425,0,False Negative
45,Self-emp-not-inc,277434,Bachelors,13,Married-civ-spouse,Exec-managerial,Husband,White,Male,0,0,50,United-States,0,0.5705586,1,False Positive
44,Private,75742,Bachelors,13,Married-civ-spouse,Machine-op-inspct,Husband,White,Male,0,0,40,United-States,0,0.44222754,1,False Positive
54,State-gov,166774,Masters,14,Never-married,Prof-specialty,Not-in-family,White,Female,0,0,45,United-States,1,0.26992917,0,False Negative
53,Private,187356,Some-college,10,Married-civ-spouse,Craft-repair,Husband,White,Male,0,0,66,United-States,0,0.5185262,1,False Positive
44,Private,115932,Assoc-acdm,12,Married-civ-spouse,Prof-specialty,Husband,White,Male,0,0,40,United-States,0,0.55697393,1,False Positive
52,Private,22154,Some-college,10,Married-civ-spouse,Sales,Husband,White,Male,0,0,40,United-States,0,0.55483997,1,False Positive
41,,307589,Bachelors,13,Married-civ-spouse,,Wife,Asian-Pac-Islander,Female,0,0,5,Philippines,0,0.66458714,1,False Positive
58,Private,136951,Bachelors,13,Married-civ-spouse,Adm-clerical,Husband,Asian-Pac-Islander,Male,0,0,40,Philippines,0,0.627702,1,False Positive
46,Private,175622,Assoc-voc,11,Married-civ-spouse,Tech-support,Husband,White,Male,0,0,40,United-States,0,0.5562639,1,False Positive
59,Private,67841,HS-grad,9,Married-civ-spouse,Handlers-cleaners,Husband,White,Male,0,0,40,United-States,1,0.28840816,0,False Negative
34,Local-gov,206707,Some-college,10,Married-civ-spouse,Protective-serv,Husband,White,Male,0,0,60,United-States,0,0.57970715,1,False Positive
33,Private,83446,11th,7,Divorced,Exec-managerial,Unmarried,White,Female,0,0,40,United-States,1,0.017600283,0,False Negative
32,Self-emp-not-inc,129497,Some-college,10,Married-civ-spouse,Craft-repair,Husband,White,Male,0,0,55,United-States,1,0.25095186,0,False Negative
55,Self-emp-not-inc,41938,Bachelors,13,Married-civ-spouse,Prof-specialty,Wife,White,Female,0,0,8,United-States,0,0.53516364,1,False Positive
35,Private,196491,Bachelors,13,Never-married,Sales,Not-in-family,White,Male,0,0,50,United-States,0,0.37144327,1,False Positive
29,Private,79387,Bachelors,13,Never-married,Exec-managerial,Not-in-family,White,Male,0,0,50,United-States,1,0.25788283,0,False Negative
47,Private,185385,10th,6,Married-civ-spouse,Machine-op-inspct,Husband,White,Male,0,0,40,United-States,1,0.09035712,0,False Negative
38,Private,189092,Assoc-voc,11,Married-civ-spouse,Craft-repair,Husband,White,Male,0,0,43,United-States,0,0.48344946,1,False Positive
51,Private,122109,Some-college,10,Married-civ-spouse,Adm-clerical,Wife,White,Female,0,0,35,United-States,0,0.50137776,1,False Positive
29,Self-emp-not-inc,132267,Assoc-acdm,12,Married-civ-spouse,Tech-support,Husband,White,Male,0,0,60,United-States,0,0.39873093,1,False Positive
32,Local-gov,267859,Some-college,10,Married-civ-spouse,Protective-serv,Husband,White,Male,0,0,50,Cuba,0,0.55220854,1,False Positive
37,Self-emp-inc,116554,Masters,14,Divorced,Exec-managerial,Not-in-family,White,Female,0,0,70,United-States,0,0.51494205,1,False Positive
44,Private,176063,Bachelors,13,Married-civ-spouse,Exec-managerial,Husband,White,Male,0,0,45,United-States,0,0.7854854,1,False Positive
47,Private,180277,HS-grad,9,Married-civ-spouse,Adm-clerical,Wife,White,Female,0,0,40,Hungary,0,0.4890623,1,False Positive
59,Local-gov,223215,Some-college,10,Married-civ-spouse,Protective-serv,Husband,White,Male,0,0,42,United-States,0,0.5930918,1,False Positive
32,State-gov,438711,Some-college,10,Married-civ-spouse,Prof-specialty,Wife,Black,Female,0,0,40,United-States,0,0.47709176,1,False Positive
27,Private,201017,Doctorate,16,Married-civ-spouse,Prof-specialty,Husband,White,Male,0,0,80,United-States,0,0.49343893,1,False Positive
26,,182332,Assoc-voc,11,Married-civ-spouse,,Wife,White,Female,0,0,40,United-States,0,0.38838136,1,False Positive
48,Private,148549,Assoc-acdm,12,Married-civ-spouse,Machine-op-inspct,Husband,White,Male,0,0,50,United-States,0,0.5404453,1,False Positive
32,Private,180284,10th,6,Married-civ-spouse,Craft-repair,Husband,White,Male,0,0,40,United-States,1,0.05777387,0,False Negative
46,Private,228372,Bachelors,13,Divorced,Sales,Unmarried,White,Male,0,0,40,United-States,1,0.23479405,0,False Negative
35,Private,190895,Some-college,10,Married-civ-spouse,Prof-specialty,Husband,White,Male,0,0,60,United-States,0,0.47725636,1,False Positive
51,Self-emp-inc,96062,Assoc-acdm,12,Married-civ-spouse,Sales,Husband,White,Male,0,0,60,United-States,0,0.5687586,1,False Positive
41,Private,152529,Bachelors,13,Never-married,Prof-specialty,Not-in-family,White,Male,0,0,40,United-States,1,0.22085406,0,False Negative
40,Private,218653,Some-college,10,Married-civ-spouse,Prof-specialty,Husband,White,Male,0,0,40,United-States,0,0.4858618,1,False Positive
46,Private,169699,HS-grad,9,Married-civ-spouse,Craft-repair,Husband,White,Male,0,0,40,United-States,0,0.3777371,1,False Positive
41,Private,116391,Some-college,10,Married-civ-spouse,Craft-repair,Husband,White,Male,0,0,40,United-States,0,0.41157103,1,False Positive
61,Private,147393,Prof-school,15,Married-civ-spouse,Exec-managerial,Husband,White,Male,0,0,20,United-States,0,0.54552335,1,False Positive
36,Private,298635,Bachelors,13,Married-civ-spouse,Other-service,Husband,Other,Male,0,0,40,Iran,1,0.1638029,0,False Negative
44,Federal-gov,44822,Some-college,10,Married-civ-spouse,Craft-repair,Husband,White,Male,0,0,40,United-States,0,0.51835275,1,False Positive
31,Private,231043,Some-college,10,Married-civ-spouse,Transport-moving,Husband,White,Male,0,0,50,United-States,0,0.39918992,1,False Positive
33,Private,176992,Some-college,10,Married-civ-spouse,Craft-repair,Husband,White,Male,0,0,40,United-States,1,0.2951221,0,False Negative
31,Federal-gov,30917,Some-college,10,Married-civ-spouse,Protective-serv,Husband,White,Male,0,0,72,United-States,0,0.41969883,1,False Positive
44,Self-emp-not-inc,335183,12th,8,Married-civ-spouse,Handlers-cleaners,Husband,Black,Male,0,0,40,United-States,1,0.12953345,0,False Negative
33,Local-gov,156464,Masters,14,Married-civ-spouse,Exec-managerial,Husband,White,Male,0,0,40,United-States,0,0.6840449,1,False Positive
43,Private,239161,Some-college,10,Married-civ-spouse,Sales,Husband,Amer-Indian-Eskimo,Male,0,0,40,United-States,0,0.46828791,1,False Positive
34,Private,190040,HS-grad,9,Married-civ-spouse,Adm-clerical,Wife,White,Female,0,0,40,United-States,0,0.3639823,1,False Positive
70,,148065,Some-college,10,Married-civ-spouse,,Husband,White,Male,0,0,4,United-States,1,0.13455175,0,False Negative
46,Private,185041,HS-grad,9,Married-civ-spouse,Machine-op-inspct,Husband,White,Male,0,0,50,United-States,0,0.44743901,1,False Positive
53,State-gov,94186,Assoc-acdm,12,Married-civ-spouse,Prof-specialty,Wife,Black,Female,0,0,37,United-States,0,0.58805114,1,False Positive
45,Local-gov,172111,Bachelors,13,Divorced,Exec-managerial,Unmarried,Black,Female,0,0,60,United-States,0,0.35563326,1,False Positive
39,Private,401832,Some-college,10,Married-civ-spouse,Exec-managerial,Husband,White,Male,0,0,48,United-States,0,0.7389604,1,False Positive
63,,46907,Bachelors,13,Married-civ-spouse,,Husband,White,Male,0,0,8,United-States,1,0.2917136,0,False Negative
51,Self-emp-not-inc,127149,11th,7,Married-civ-spouse,Farming-fishing,Husband,White,Male,0,0,45,United-States,1,0.107989214,0,False Negative
59,Self-emp-not-inc,41258,Bachelors,13,Married-civ-spouse,Prof-specialty,Husband,White,Male,0,0,50,United-States,0,0.5616259,1,False Positive
56,Private,134195,Masters,14,Never-married,Sales,Not-in-family,White,Male,0,0,50,United-States,0,0.40899578,1,False Positive
56,Private,146660,HS-grad,9,Married-civ-spouse,Craft-repair,Husband,White,Male,0,0,60,United-States,0,0.44440386,1,False Positive
39,Private,53926,Bachelors,13,Married-civ-spouse,Prof-specialty,Husband,White,Male,0,0,40,United-States,0,0.6382882,1,False Positive
53,Private,68684,HS-grad,9,Married-civ-spouse,Transport-moving,Husband,White,Male,0,0,40,United-States,0,0.35572726,1,False Positive
35,Private,89508,HS-grad,9,Married-civ-spouse,Transport-moving,Husband,White,Male,0,0,50,United-States,1,0.23715766,0,False Negative
36,Private,186531,HS-grad,9,Married-civ-spouse,Craft-repair,Husband,White,Male,0,0,60,United-States,0,0.3841997,1,False Positive
39,Private,225707,Assoc-voc,11,Married-civ-spouse,Adm-clerical,Husband,White,Male,0,0,40,Cuba,0,0.418703,1,False Positive
28,Self-emp-not-inc,149141,Some-college,10,Married-civ-spouse,Craft-repair,Husband,White,Male,0,0,45,United-States,1,0.20087305,0,False Negative
51,Private,155403,HS-grad,9,Married-civ-spouse,Adm-clerical,Wife,Black,Female,0,0,40,United-States,0,0.35199034,1,False Positive
31,Private,344200,Some-college,10,Married-civ-spouse,Sales,Husband,White,Male,0,0,40,United-States,0,0.36500078,1,False Positive
41,Local-gov,158688,Bachelors,13,Married-civ-spouse,Protective-serv,Husband,White,Male,0,0,50,United-States,0,0.7779909,1,False Positive
22,Private,374313,HS-grad,9,Married-civ-spouse,Transport-moving,Husband,White,Male,0,0,50,United-States,1,0.039164707,0,False Negative
59,Self-emp-not-inc,75804,HS-grad,9,Married-civ-spouse,Farming-fishing,Husband,White,Male,0,0,65,United-States,1,0.108798645,0,False Negative
31,Private,201156,Some-college,10,Divorced,Machine-op-inspct,Unmarried,White,Female,0,0,55,United-States,1,0.026055072,0,False Negative
50,Self-emp-not-inc,204402,HS-grad,9,Married-civ-spouse,Farming-fishing,Husband,White,Male,0,0,84,United-States,1,0.15264034,0,False Negative
36,Local-gov,177858,Bachelors,13,Married-civ-spouse,Prof-specialty,Own-child,White,Male,0,0,40,United-States,0,0.38841453,1,False Positive
54,Private,74660,Bachelors,13,Divorced,Prof-specialty,Unmarried,White,Male,0,0,40,Canada,1,0.26409513,0,False Negative
51,Private,43354,11th,7,Married-civ-spouse,Craft-repair,Husband,White,Male,0,0,40,United-States,1,0.122975245,0,False Negative
53,Local-gov,549341,Bachelors,13,Married-civ-spouse,Prof-specialty,Husband,Black,Male,0,0,35,United-States,0,0.62027335,1,False Positive
65,,117963,HS-grad,9,Married-civ-spouse,,Husband,White,Male,0,0,45,United-States,0,0.36975878,1,False Positive
58,Private,78141,HS-grad,9,Married-civ-spouse,Craft-repair,Husband,White,Male,0,0,40,United-States,1,0.31219727,0,False Negative
42,Private,256813,Some-college,10,Never-married,Exec-managerial,Not-in-family,White,Male,0,0,40,United-States,1,0.0783943,0,False Negative
31,Private,103642,HS-grad,9,Married-civ-spouse,Transport-moving,Husband,White,Male,0,0,45,United-States,1,0.24576612,0,False Negative
42,Private,33155,HS-grad,9,Married-civ-spouse,Craft-repair,Husband,White,Male,0,0,85,United-States,0,0.3749062,1,False Positive
45,Private,90992,HS-grad,9,Married-civ-spouse,Transport-moving,Husband,White,Male,0,0,70,United-States,0,0.40305763,1,False Positive
47,Private,256866,HS-grad,9,Married-civ-spouse,Transport-moving,Husband,White,Male,0,0,48,United-States,0,0.45012766,1,False Positive
46,Local-gov,327886,Assoc-acdm,12,Married-civ-spouse,Adm-clerical,Husband,White,Male,0,0,40,United-States,0,0.62198496,1,False Positive
52,Private,379682,Assoc-voc,11,Married-civ-spouse,Other-service,Wife,White,Female,0,0,20,United-States,1,0.26552477,0,False Negative
43,Private,84673,Masters,14,Divorced,Exec-managerial,Not-in-family,White,Female,0,0,38,United-States,1,0.12259281,0,False Negative
42,Private,220049,HS-grad,9,Married-civ-spouse,Sales,Husband,Black,Male,0,0,40,United-States,1,0.2961059,0,False Negative
45,Private,50162,Some-college,10,Married-civ-spouse,Exec-managerial,Husband,White,Male,0,0,40,United-States,0,0.5479903,1,False Positive
58,Private,200316,HS-grad,9,Married-civ-spouse,Transport-moving,Husband,White,Male,0,0,40,United-States,0,0.356901,1,False Positive
50,Private,310774,Bachelors,13,Married-civ-spouse,Sales,Husband,White,Male,0,0,35,United-States,0,0.6841555,1,False Positive
52,,294691,HS-grad,9,Married-civ-spouse,,Husband,White,Male,0,0,40,United-States,0,0.38300252,1,False Positive
57,Private,262681,Some-college,10,Widowed,Exec-managerial,Not-in-family,White,Male,0,0,60,United-States,0,0.35988036,1,False Positive
29,Self-emp-not-inc,128516,Assoc-acdm,12,Widowed,Sales,Unmarried,White,Female,0,0,40,United-States,1,0.043531068,0,False Negative
38,Local-gov,68781,Some-college,10,Married-civ-spouse,Protective-serv,Husband,White,Male,0,0,40,United-States,0,0.45132607,1,False Positive
52,Private,358554,HS-grad,9,Married-civ-spouse,Machine-op-inspct,Husband,Black,Male,0,0,40,United-States,1,0.29034206,0,False Negative
39,Private,323385,Some-college,10,Married-civ-spouse,Exec-managerial,Husband,White,Male,0,0,70,United-States,0,0.7088728,1,False Positive
56,Private,174533,Bachelors,13,Never-married,Exec-managerial,Not-in-family,White,Female,0,0,45,United-States,1,0.31386158,0,False Negative
49,Self-emp-inc,195727,HS-grad,9,Married-civ-spouse,Sales,Husband,White,Male,0,0,40,United-States,0,0.42874137,1,False Positive
30,Private,177675,Some-college,10,Never-married,Craft-repair,Not-in-family,White,Male,0,0,40,United-States,1,0.031487882,0,False Negative
55,Private,255364,Some-college,10,Married-civ-spouse,Prof-specialty,Husband,White,Male,0,0,40,United-States,0,0.48864838,1,False Positive
28,,168524,HS-grad,9,Married-civ-spouse,,Own-child,White,Female,0,0,38,United-States,1,0.044551864,0,False Negative
47,Self-emp-not-inc,159869,Doctorate,16,Married-civ-spouse,Craft-repair,Husband,White,Male,0,0,50,United-States,0,0.7725944,1,False Positive
50,Private,144361,HS-grad,9,Married-civ-spouse,Craft-repair,Husband,White,Male,0,0,40,United-States,0,0.40358555,1,False Positive
61,Private,56009,Some-college,10,Married-civ-spouse,Sales,Husband,White,Male,0,0,40,United-States,0,0.4038054,1,False Positive
48,State-gov,99086,Bachelors,13,Never-married,Exec-managerial,Not-in-family,White,Female,0,0,50,United-States,0,0.3663144,1,False Positive
44,Private,188436,Bachelors,13,Married-civ-spouse,Adm-clerical,Husband,White,Male,0,0,45,United-States,0,0.6970175,1,False Positive
38,Private,358682,Some-college,10,Married-civ-spouse,Handlers-cleaners,Husband,White,Male,0,0,40,United-States,0,0.4230603,1,False Positive
50,Private,173754,HS-grad,9,Married-civ-spouse,Craft-repair,Husband,White,Male,0,0,40,United-States,0,0.3967309,1,False Positive
51,Self-emp-not-inc,204322,HS-grad,9,Married-civ-spouse,Transport-moving,Husband,White,Male,0,0,50,United-States,0,0.40942565,1,False Positive
46,Private,84402,Bachelors,13,Divorced,Prof-specialty,Not-in-family,White,Male,0,0,45,United-States,1,0.25554252,0,False Negative
34,State-gov,137900,Bachelors,13,Never-married,Prof-specialty,Not-in-family,White,Female,0,0,48,United-States,1,0.14850655,0,False Negative
32,Private,29933,Bachelors,13,Married-civ-spouse,Handlers-cleaners,Husband,White,Male,0,0,50,United-States,1,0.3322053,0,False Negative
28,Private,27956,Prof-school,15,Married-civ-spouse,Prof-specialty,Husband,Asian-Pac-Islander,Male,0,0,99,Philippines,0,0.60885024,1,False Positive
60,Self-emp-not-inc,69887,Some-college,10,Married-civ-spouse,Farming-fishing,Husband,White,Male,0,0,50,United-States,1,0.17123364,0,False Negative
28,Local-gov,180271,Bachelors,13,Married-civ-spouse,Handlers-cleaners,Husband,White,Male,0,0,65,United-States,1,0.2536943,0,False Negative
40,Private,24038,Bachelors,13,Never-married,Exec-managerial,Not-in-family,White,Female,0,0,55,United-States,0,0.44048253,1,False Positive
48,State-gov,170142,Masters,14,Divorced,Prof-specialty,Not-in-family,White,Male,0,0,40,United-States,1,0.2857494,0,False Negative
30,Private,213722,Some-college,10,Never-married,Sales,Not-in-family,White,Male,0,0,50,United-States,1,0.08907898,0,False Negative
35,Self-emp-inc,82051,Some-college,10,Married-civ-spouse,Sales,Wife,White,Female,0,0,40,United-States,0,0.4175999,1,False Positive
55,Private,120970,10th,6,Married-civ-spouse,Craft-repair,Husband,Black,Male,0,0,40,United-States,1,0.110356055,0,False Negative
35,Private,465326,Bachelors,13,Married-civ-spouse,Sales,Husband,White,Male,0,0,40,United-States,0,0.6692929,1,False Positive
31,Local-gov,206297,HS-grad,9,Married-civ-spouse,Protective-serv,Husband,White,Male,0,0,40,United-States,1,0.30895275,0,False Negative
40,State-gov,13492,HS-grad,9,Married-civ-spouse,Protective-serv,Husband,Amer-Indian-Eskimo,Male,0,0,84,United-States,0,0.48384023,1,False Positive
66,,249043,11th,7,Married-civ-spouse,,Husband,White,Male,0,0,40,United-States,1,0.07648388,0,False Negative
52,Private,89534,HS-grad,9,Married-civ-spouse,Craft-repair,Husband,White,Male,0,0,40,United-States,1,0.3494939,0,False Negative
31,Private,131425,Bachelors,13,Married-civ-spouse,Craft-repair,Husband,White,Male,0,0,40,United-States,0,0.5404542,1,False Positive
55,Private,204751,HS-grad,9,Married-civ-spouse,Transport-moving,Husband,White,Male,0,0,65,United-States,0,0.44153312,1,False Positive
38,Private,187983,Prof-school,15,Married-civ-spouse,Sales,Wife,White,Female,0,0,40,United-States,0,0.7424568,1,False Positive
43,Federal-gov,79529,HS-grad,9,Married-civ-spouse,Adm-clerical,Wife,White,Female,0,0,35,United-States,0,0.5219615,1,False Positive
66,Private,29431,HS-grad,9,Married-civ-spouse,Sales,Husband,White,Male,0,0,50,United-States,0,0.38166612,1,False Positive
39,Private,108419,Some-college,10,Married-civ-spouse,Craft-repair,Husband,White,Male,0,0,40,United-States,0,0.39400575,1,False Positive
55,Private,426263,HS-grad,9,Married-civ-spouse,Adm-clerical,Husband,White,Male,0,0,40,United-States,0,0.36411878,1,False Positive
41,Private,37997,12th,8,Divorced,Transport-moving,Not-in-family,White,Male,0,0,84,United-States,1,0.10687033,0,False Negative
35,Private,285102,Masters,14,Never-married,Prof-specialty,Not-in-family,Asian-Pac-Islander,Female,0,0,40,Taiwan,1,0.12451662,0,False Negative
57,Private,191983,Some-college,10,Married-civ-spouse,Protective-serv,Husband,White,Male,0,0,50,United-States,0,0.57596916,1,False Positive
57,Private,316000,HS-grad,9,Married-civ-spouse,Craft-repair,Husband,White,Male,0,0,40,United-States,0,0.38113543,1,False Positive
50,Self-emp-inc,194514,Masters,14,Never-married,Prof-specialty,Not-in-family,Black,Male,0,0,50,Trinadad&Tobago,0,0.41480523,1,False Positive
76,Self-emp-not-inc,33213,Masters,14,Married-civ-spouse,Prof-specialty,Husband,White,Male,0,0,30,,1,0.28988126,0,False Negative
36,Private,127388,Assoc-acdm,12,Married-civ-spouse,Sales,Wife,White,Female,0,0,40,United-States,0,0.57687825,1,False Positive
38,Private,339677,Masters,14,Divorced,Tech-support,Unmarried,White,Female,0,0,40,,1,0.080022275,0,False Negative
43,Private,56651,HS-grad,9,Married-civ-spouse,Exec-managerial,Husband,White,Male,0,0,50,United-States,0,0.4394195,1,False Positive
52,Private,224198,HS-grad,9,Married-civ-spouse,Exec-managerial,Wife,White,Female,0,0,45,United-States,0,0.604235,1,False Positive
47,Federal-gov,218325,Assoc-acdm,12,Married-civ-spouse,Handlers-cleaners,Husband,Asian-Pac-Islander,Male,0,0,40,Philippines,1,0.34121755,0,False Negative
39,Private,30875,Bachelors,13,Divorced,Sales,Unmarried,White,Female,0,0,40,United-States,1,0.06628959,0,False Negative
49,Private,277434,HS-grad,9,Married-civ-spouse,Transport-moving,Husband,White,Male,0,0,50,United-States,0,0.46509677,1,False Positive
61,Private,183355,HS-grad,9,Married-civ-spouse,Adm-clerical,Husband,White,Male,0,0,40,United-States,1,0.3008231,0,False Negative
36,Private,33983,Assoc-voc,11,Never-married,Adm-clerical,Not-in-family,White,Male,0,0,42,United-States,1,0.034460474,0,False Negative
39,Private,115618,HS-grad,9,Married-civ-spouse,Transport-moving,Husband,White,Male,0,0,50,United-States,0,0.35216415,1,False Positive
47,Private,142719,HS-grad,9,Married-civ-spouse,Machine-op-inspct,Husband,White,Male,0,0,40,United-States,0,0.35850868,1,False Positive
37,Private,334291,Some-college,10,Divorced,Sales,Not-in-family,White,Male,0,2258,40,United-States,0,0.38867915,1,False Positive
52,Self-emp-not-inc,195462,HS-grad,9,Married-civ-spouse,Farming-fishing,Husband,White,Male,0,0,98,United-States,1,0.14439544,0,False Negative
41,Private,316820,Bachelors,13,Divorced,Sales,Not-in-family,White,Male,0,0,40,United-States,1,0.24871938,0,False Negative
36,Private,353263,Bachelors,13,Never-married,Prof-specialty,Not-in-family,White,Female,0,0,45,United-States,1,0.17540765,0,False Negative
35,Private,308489,Bachelors,13,Married-civ-spouse,Sales,Husband,Black,Male,0,0,50,United-States,0,0.65092367,1,False Positive
28,Private,355259,Masters,14,Never-married,Prof-specialty,Not-in-family,White,Female,0,0,40,United-States,1,0.04108173,0,False Negative
50,Private,280292,10th,6,Married-civ-spouse,Transport-moving,Husband,White,Male,0,0,40,United-States,1,0.12670353,0,False Negative
34,Private,159442,HS-grad,9,Never-married,Prof-specialty,Not-in-family,White,Female,0,0,37,Ireland,1,0.023248333,0,False Negative
36,Private,181099,Doctorate,16,Married-civ-spouse,Exec-managerial,Husband,White,Male,0,0,40,United-States,0,0.8173021,1,False Positive
32,Private,234976,Some-college,10,Married-civ-spouse,Exec-managerial,Wife,White,Female,0,0,55,United-States,0,0.49902403,1,False Positive
36,Private,131192,HS-grad,9,Married-civ-spouse,Machine-op-inspct,Husband,White,Male,0,0,40,United-States,1,0.21491848,0,False Negative
29,Private,140927,Bachelors,13,Married-civ-spouse,Adm-clerical,Husband,White,Male,0,0,40,United-States,0,0.5556147,1,False Positive
52,State-gov,104280,Some-college,10,Married-civ-spouse,Tech-support,Husband,White,Male,0,0,50,United-States,0,0.5998353,1,False Positive
33,Self-emp-not-inc,108438,HS-grad,9,Married-civ-spouse,Craft-repair,Husband,White,Male,0,0,40,United-States,1,0.1441921,0,False Negative
55,Self-emp-inc,304695,Prof-school,15,Married-civ-spouse,Prof-specialty,Husband,White,Male,0,0,55,United-States,0,0.83656776,1,False Positive
37,Private,164526,Bachelors,13,Married-civ-spouse,Prof-specialty,Husband,White,Male,0,0,40,United-States,0,0.69015616,1,False Positive
